Rk	Player	Pos	Age	Tm	G	GS	MP	FG	FGA	FG%	3P	3PA	3P%	2P	2PA	2P%	eFG%	FT	FTA	FT%	ORB	DRB	TRB	AST	STL	BLK	TOV	PF	PS/G
1	Alex Abrines	SG	25	OKC	31	2	19.0	1.8	5.1	.357	1.3	4.1	.323	0.5	1.0	.500	.487	0.4	0.4	.923	0.2	1.4	1.5	0.6	0.5	0.2	0.5	1.7	5.3
2	Quincy Acy	PF	28	PHO	10	0	12.3	0.4	1.8	.222	0.2	1.5	.133	0.2	0.3	.667	.278	0.7	1.0	.700	0.3	2.2	2.5	0.8	0.1	0.4	0.4	2.4	1.7
3	Jaylen Adams	PG	22	ATL	9	0	4.8	0.3	1.1	.300	0.2	0.7	.333	0.1	0.4	.250	.400	0.0	0.0		0.0	0.3	0.3	0.7	0.3	0.1	0.1	0.4	0.9
4	Steven Adams	C	25	OKC	49	49	34.0	6.5	10.7	.607	0.0	0.0	.000	6.5	10.6	.608	.607	2.4	4.2	.558	4.7	5.3	9.9	1.8	1.5	0.8	1.6	2.6	15.3
5	Bam Adebayo	C	21	MIA	51	6	22.1	3.0	5.3	.563	0.0	0.2	.111	3.0	5.2	.578	.564	2.1	2.8	.729	2.0	4.7	6.7	2.0	0.7	0.8	1.4	2.6	8.1
6	Deng Adel	SF	21	CLE	7	0	9.7	0.7	1.6	.455	0.4	1.0	.429	0.3	0.6	.500	.591	0.3	0.3	1.000	0.3	0.9	1.1	0.3	0.1	0.3	0.4	0.9	2.1
7	DeVaughn Akoon-Purcell	SG	25	DEN	7	0	3.1	0.4	1.4	.300	0.0	0.6	.000	0.4	0.9	.500	.300	0.1	0.3	.500	0.1	0.4	0.6	0.9	0.3	0.0	0.3	0.6	1.0
8	LaMarcus Aldridge	C	33	SAS	54	54	32.6	8.3	16.1	.516	0.1	0.4	.211	8.3	15.8	.523	.518	4.4	5.2	.850	3.1	5.9	8.9	2.6	0.5	1.2	1.9	2.1	21.1
9	Rawle Alkins	SG	21	CHI	2	0	2.0	0.5	2.0	.250	0.5	0.5	1.000	0.0	1.5	.000	.375	0.0	0.0		1.5	0.0	1.5	1.0	0.5	0.0	0.0	0.0	1.5
10	Grayson Allen	SG	23	UTA	26	1	10.4	1.3	4.0	.314	0.7	2.5	.273	0.6	1.5	.385	.400	1.0	1.3	.735	0.0	0.4	0.4	0.7	0.1	0.1	0.6	1.2	4.2
11	Jarrett Allen	C	20	BRK	52	52	26.7	4.3	7.4	.578	0.1	0.6	.156	4.2	6.8	.616	.585	2.5	3.4	.734	2.5	6.1	8.7	1.5	0.6	1.5	1.4	2.2	11.1
12	Kadeem Allen	SG	26	NYK	3	1	23.7	2.3	5.7	.412	0.3	1.0	.333	2.0	4.7	.429	.441	2.7	2.7	1.000	0.7	3.0	3.7	3.7	0.3	0.0	0.7	3.0	7.7
13	Al-Farouq Aminu	PF	28	POR	52	52	29.6	3.2	7.3	.430	1.3	3.7	.351	1.8	3.6	.513	.520	1.9	2.2	.836	1.6	6.5	8.1	1.2	0.9	0.4	0.8	2.0	9.5
14	Justin Anderson	SF	25	ATL	26	0	8.7	1.1	2.9	.382	0.3	1.4	.216	0.8	1.5	.538	.434	0.6	0.8	.750	0.4	1.2	1.6	0.4	0.4	0.3	0.5	1.0	3.1
15	Kyle Anderson	SF	25	MEM	43	40	29.8	3.5	6.4	.543	0.2	0.8	.265	3.3	5.6	.583	.560	0.9	1.5	.578	1.1	4.7	5.8	3.0	1.3	0.9	1.3	2.6	8.0
16	Ryan Anderson	PF	30	PHO	15	8	18.5	1.3	4.0	.317	0.5	2.3	.206	0.8	1.7	.462	.375	0.7	0.9	.786	0.9	2.1	3.0	1.1	0.2	0.1	0.8	1.5	3.7
17	Ike Anigbogu	C	20	IND	3	0	2.0	0.0	1.0	.000	0.0	0.0		0.0	1.0	.000	.000	0.0	0.0		0.3	0.7	1.0	0.3	0.0	0.3	0.3	0.0	0.0
18	Giannis Antetokounmpo	PF	24	MIL	48	48	33.1	9.8	17.1	.571	0.5	2.4	.197	9.3	14.6	.633	.585	6.6	9.2	.717	2.3	10.2	12.5	5.8	1.5	1.4	3.9	3.5	26.6
19	Carmelo Anthony	PF	34	HOU	10	2	29.4	4.9	12.1	.405	2.1	6.4	.328	2.8	5.7	.491	.492	1.5	2.2	.682	0.9	4.5	5.4	0.5	0.4	0.7	0.8	3.2	13.4
20	OG Anunoby	SF	21	TOR	42	5	20.1	2.9	6.5	.440	1.1	3.3	.331	1.8	3.2	.552	.524	0.4	0.9	.395	0.8	2.1	2.9	0.7	0.6	0.2	0.6	2.0	7.2
Rk	Player	Pos	Age	Tm	G	GS	MP	FG	FGA	FG%	3P	3PA	3P%	2P	2PA	2P%	eFG%	FT	FTA	FT%	ORB	DRB	TRB	AST	STL	BLK	TOV	PF	PS/G
21	Ryan Arcidiacono	PG	24	CHI	52	24	25.1	2.0	4.7	.424	1.2	3.1	.373	0.8	1.6	.524	.547	0.9	1.0	.900	0.3	2.0	2.3	3.5	1.0	0.0	0.8	2.2	6.0
22	Trevor Ariza	SF	33	TOT	48	48	35.4	4.1	10.8	.382	2.1	6.4	.336	2.0	4.4	.450	.482	1.8	2.2	.804	0.7	5.0	5.7	3.7	1.5	0.2	1.6	1.9	12.1
22	Trevor Ariza	SF	33	PHO	26	26	34.0	3.3	8.7	.379	1.9	5.3	.360	1.4	3.4	.409	.489	1.4	1.7	.837	0.6	5.0	5.6	3.3	1.5	0.3	1.5	1.7	9.9
22	Trevor Ariza	SF	33	WAS	22	22	37.0	5.0	13.1	.384	2.4	7.6	.315	2.6	5.5	.479	.476	2.3	2.9	.781	0.7	5.0	5.8	4.1	1.5	0.1	1.8	2.2	14.8
23	D.J. Augustin	PG	31	ORL	52	52	28.0	3.7	8.1	.463	1.7	3.9	.436	2.0	4.1	.488	.569	2.6	3.0	.871	0.5	1.6	2.2	4.7	0.6	0.0	1.6	1.5	11.8
24	Deandre Ayton	C	20	PHO	48	47	30.9	7.1	12.1	.588	0.0	0.0	.000	7.1	12.1	.590	.588	2.1	2.7	.773	3.2	7.4	10.6	2.0	0.8	1.0	1.8	2.8	16.3
25	Dwayne Bacon	SG	23	CHO	24	0	10.7	1.8	3.5	.530	0.5	1.0	.542	1.3	2.5	.525	.608	0.4	0.5	.833	0.1	1.5	1.6	0.7	0.1	0.0	0.5	1.1	4.6
26	Marvin Bagley	PF	19	SAC	38	1	23.9	5.1	9.8	.516	0.3	1.2	.239	4.8	8.6	.555	.531	2.5	3.8	.667	2.4	4.4	6.8	0.9	0.5	0.9	1.7	2.1	12.9
27	Ron Baker	SG	25	TOT	15	0	10.1	0.3	1.3	.200	0.1	0.9	.077	0.2	0.5	.429	.225	0.3	0.4	.833	0.1	0.7	0.7	1.0	0.4	0.1	0.3	1.2	0.9
27	Ron Baker	SG	25	NYK	11	0	9.7	0.4	1.5	.250	0.1	0.8	.111	0.3	0.6	.429	.281	0.5	0.5	.833	0.1	0.5	0.6	1.2	0.5	0.0	0.3	1.5	1.3
27	Ron Baker	SG	25	WAS	4	0	11.3	0.0	1.0	.000	0.0	1.0	.000	0.0	0.0		.000	0.0	0.0		0.0	1.0	1.0	0.5	0.3	0.3	0.5	0.5	0.0
28	Wade Baldwin	PG	22	POR	16	0	5.9	0.6	2.1	.303	0.1	0.6	.222	0.5	1.5	.333	.333	0.5	0.7	.727	0.1	0.8	0.9	0.8	0.1	0.1	0.9	0.7	1.9
29	Lonzo Ball	PG	21	LAL	47	45	30.3	3.9	9.7	.406	1.6	4.9	.329	2.3	4.9	.482	.488	0.4	1.0	.417	1.1	4.2	5.3	5.4	1.5	0.4	2.2	2.4	9.9
30	Mohamed Bamba	C	20	ORL	47	1	16.3	2.5	5.2	.481	0.4	1.5	.300	2.0	3.7	.555	.525	0.8	1.3	.587	1.4	3.6	5.0	0.8	0.3	1.4	0.9	2.2	6.2
31	J.J. Barea	PG	34	DAL	38	0	19.8	4.2	10.1	.418	1.0	3.4	.297	3.2	6.8	.479	.468	1.4	2.1	.705	0.3	2.2	2.5	5.6	0.6	0.0	1.9	1.3	10.9
32	Harrison Barnes	PF	26	DAL	48	48	32.5	6.0	14.7	.406	2.5	6.4	.390	3.5	8.3	.419	.491	3.4	4.1	.833	0.8	3.5	4.3	1.3	0.7	0.2	1.4	1.6	17.8
33	Will Barton	SG	28	DEN	13	8	25.2	4.8	10.6	.449	1.8	4.5	.390	3.0	6.1	.494	.533	1.7	2.2	.786	0.9	3.5	4.4	2.9	0.2	0.5	1.4	2.2	13.0
34	Keita Bates-Diop	SF	23	MIN	5	0	6.4	0.6	2.2	.273	0.0	1.0	.000	0.6	1.2	.500	.273	0.0	0.4	.000	0.0	1.2	1.2	0.0	0.0	0.2	0.2	0.4	1.2
35	Nicolas Batum	SF	30	CHO	52	52	30.9	3.4	7.3	.468	1.5	3.6	.406	1.9	3.7	.529	.569	1.1	1.3	.855	0.9	4.3	5.2	3.3	0.9	0.5	1.6	1.8	9.4
36	Jerryd Bayless	PG	30	MIN	15	4	20.9	2.9	8.1	.361	1.5	3.9	.373	1.5	4.2	.349	.451	0.5	0.8	.583	0.4	1.9	2.3	4.1	0.6	0.1	1.1	1.6	7.8
37	Aron Baynes	C	32	BOS	34	10	14.9	2.0	4.4	.466	0.5	1.4	.333	1.6	2.9	.530	.520	1.1	1.4	.848	1.8	2.6	4.3	1.1	0.2	0.6	0.8	2.4	5.7
38	Kent Bazemore	SG	29	ATL	38	30	26.6	4.9	11.1	.441	1.5	4.6	.326	3.4	6.5	.522	.508	2.3	3.1	.750	0.6	3.4	3.9	2.5	1.7	0.8	2.1	2.7	13.6
39	Bradley Beal	SG	25	WAS	52	52	37.0	9.1	19.5	.469	2.5	7.2	.352	6.6	12.3	.538	.534	3.9	4.9	.796	1.1	3.9	5.0	5.1	1.4	0.8	2.7	2.9	24.7
40	Malik Beasley	SG	22	DEN	52	9	23.4	4.4	8.7	.506	2.0	4.7	.430	2.4	4.0	.593	.621	0.6	0.7	.868	0.4	2.1	2.5	1.2	0.7	0.1	0.6	1.5	11.4
Rk	Player	Pos	Age	Tm	G	GS	MP	FG	FGA	FG%	3P	3PA	3P%	2P	2PA	2P%	eFG%	FT	FTA	FT%	ORB	DRB	TRB	AST	STL	BLK	TOV	PF	PS/G
41	Michael Beasley	PF	30	LAL	25	2	10.6	3.0	5.8	.517	0.1	0.6	.200	2.9	5.2	.554	.528	1.1	1.6	.718	0.5	1.7	2.2	0.9	0.4	0.4	1.0	1.6	7.2
42	Marco Belinelli	SG	32	SAS	52	0	22.4	3.8	8.8	.427	2.0	5.1	.398	1.7	3.7	.466	.542	1.6	1.7	.911	0.2	2.1	2.3	1.9	0.5	0.2	0.8	1.7	11.1
43	Jordan Bell	C	24	GSW	46	2	10.9	1.3	2.4	.523	0.0	0.0	.000	1.3	2.4	.527	.523	0.3	0.5	.667	0.7	1.8	2.5	1.2	0.3	0.8	0.5	1.2	2.8
44	DeAndre' Bembry	SG	24	ATL	52	15	24.9	3.4	7.9	.428	0.7	2.4	.293	2.7	5.5	.486	.472	1.1	1.7	.618	0.6	3.6	4.2	2.7	1.3	0.6	1.8	2.5	8.5
45	Dragan Bender	PF	21	PHO	20	5	12.1	1.6	3.7	.432	0.4	1.9	.184	1.3	1.8	.694	.480	0.8	1.2	.667	0.8	1.8	2.5	0.7	0.3	0.2	0.7	1.0	4.4
46	Davis Bertans	PF	26	SAS	48	5	20.6	2.8	5.6	.487	2.0	4.3	.471	0.7	1.3	.540	.668	0.5	0.6	.833	0.4	3.1	3.4	1.3	0.5	0.5	0.6	1.7	8.1
47	Patrick Beverley	PG	30	LAC	53	24	26.6	2.2	5.8	.382	1.3	3.5	.374	0.9	2.3	.393	.495	1.3	1.8	.755	0.8	3.8	4.6	3.5	0.7	0.5	1.1	3.4	7.1
48	Khem Birch	C	26	ORL	21	0	9.2	1.0	2.0	.512	0.0	0.0	.000	1.0	1.9	.525	.512	0.7	0.9	.789	0.8	1.8	2.6	0.6	0.3	0.5	0.2	0.9	2.7
49	Bismack Biyombo	C	26	CHO	27	15	15.4	1.8	3.1	.565	0.0	0.0		1.8	3.1	.565	.565	1.1	1.7	.644	1.6	3.4	5.0	0.6	0.3	1.1	0.6	2.1	4.6
50	Nemanja Bjelica	PF	30	SAC	51	50	23.7	3.8	7.8	.481	1.5	3.4	.428	2.3	4.4	.522	.574	0.9	1.2	.762	1.6	4.3	5.9	2.0	0.7	0.8	1.2	2.5	9.9
51	Antonio Blakeney	SG	22	CHI	40	0	14.5	3.0	7.1	.423	0.8	1.8	.457	2.2	5.4	.411	.479	1.0	1.4	.679	0.2	1.5	1.6	0.6	0.3	0.2	0.6	0.7	7.8
52	Eric Bledsoe	PG	29	MIL	50	50	29.4	6.1	12.4	.492	1.5	4.8	.304	4.6	7.6	.611	.551	2.1	2.8	.768	1.0	3.5	4.5	5.5	1.5	0.4	2.1	2.1	15.8
53	Jaron Blossomgame	SF	25	CLE	25	4	16.3	1.8	3.8	.463	0.4	1.3	.313	1.4	2.5	.540	.516	0.4	0.5	.769	1.0	2.7	3.7	0.4	0.3	0.3	0.4	0.8	4.3
54	Bogdan Bogdanovic	SG	26	SAC	40	8	28.0	5.6	13.0	.427	2.0	5.6	.347	3.6	7.4	.488	.502	2.0	2.5	.818	0.5	3.1	3.6	4.1	1.0	0.2	1.8	2.0	15.1
55	Bojan Bogdanovic	SF	29	IND	52	52	31.8	5.8	11.9	.490	1.9	4.5	.429	3.9	7.4	.527	.571	2.8	3.3	.832	0.5	3.6	4.1	1.7	0.8	0.0	1.5	1.7	16.3
56	Jonah Bolden	PF	23	PHI	27	3	12.7	1.5	3.1	.482	0.5	1.7	.304	1.0	1.4	.703	.566	0.3	0.7	.444	0.9	2.7	3.6	0.6	0.3	0.9	0.9	2.1	3.8
57	Isaac Bonga	PG	19	LAL	8	0	3.9	0.3	1.3	.200	0.0	0.3	.000	0.3	1.0	.250	.200	0.5	0.9	.571	0.4	0.4	0.8	0.8	0.4	0.0	0.3	0.4	1.0
58	Devin Booker	SG	22	PHO	41	41	34.8	8.9	19.2	.461	2.1	6.6	.326	6.7	12.6	.532	.517	5.1	6.1	.847	0.5	3.2	3.7	6.8	0.9	0.2	4.0	3.2	25.0
59	Chris Boucher	PF	26	TOR	15	0	5.5	1.1	2.7	.425	0.6	1.5	.409	0.5	1.2	.444	.538	0.7	0.9	.846	0.6	1.0	1.6	0.0	0.1	1.1	0.1	0.9	3.6
60	Avery Bradley	SG	28	LAC	47	47	29.8	3.3	8.7	.384	1.2	3.6	.341	2.1	5.1	.413	.454	0.4	0.5	.826	0.7	2.0	2.7	2.0	0.6	0.3	1.3	2.7	8.3
Rk	Player	Pos	Age	Tm	G	GS	MP	FG	FGA	FG%	3P	3PA	3P%	2P	2PA	2P%	eFG%	FT	FTA	FT%	ORB	DRB	TRB	AST	STL	BLK	TOV	PF	PS/G
61	Tony Bradley	C	21	UTA	1	0	9.0	0.0	3.0	.000	0.0	0.0		0.0	3.0	.000	.000	0.0	0.0		2.0	1.0	3.0	0.0	0.0	0.0	1.0	1.0	0.0
62	Corey Brewer	SF	32	PHI	7	3	20.0	2.9	7.0	.408	0.6	2.0	.286	2.3	5.0	.457	.449	1.3	1.9	.692	0.6	1.9	2.4	1.4	1.7	0.3	1.1	2.3	7.6
63	Mikal Bridges	SF	22	PHO	54	40	27.2	2.9	6.6	.441	1.4	3.8	.366	1.5	2.8	.543	.546	0.9	1.1	.807	0.6	2.4	3.0	1.6	1.5	0.5	0.7	2.3	8.1
64	Miles Bridges	SF	20	CHO	50	0	19.1	2.5	5.6	.454	0.7	2.3	.307	1.8	3.3	.554	.516	0.8	1.1	.732	0.6	3.0	3.6	1.0	0.5	0.6	0.6	1.3	6.6
65	Isaiah Briscoe	PG	22	ORL	28	0	11.3	1.1	2.9	.378	0.2	0.6	.353	0.9	2.3	.385	.415	0.3	0.6	.471	0.1	1.3	1.3	1.8	0.1	0.0	0.6	1.5	2.7
66	Ryan Broekhoff	SG	28	DAL	22	0	7.8	1.1	2.4	.462	0.7	1.8	.375	0.4	0.5	.750	.606	0.1	0.1	1.000	0.1	0.8	0.9	0.5	0.0	0.1	0.2	0.5	3.0
67	Malcolm Brogdon	SG	26	MIL	47	47	29.5	5.9	11.6	.513	1.5	3.6	.420	4.4	8.0	.555	.578	2.3	2.4	.946	1.0	3.7	4.7	3.4	0.7	0.2	1.6	1.7	15.6
68	Dillon Brooks	SF	23	MEM	18	0	18.3	2.7	6.8	.402	0.8	2.2	.375	1.9	4.6	.415	.463	1.2	1.7	.733	0.5	1.2	1.7	0.9	0.6	0.2	1.1	2.8	7.5
69	MarShon Brooks	SG	30	MEM	29	0	13.3	2.6	5.8	.450	0.5	1.9	.278	2.1	4.0	.530	.494	0.8	1.1	.697	0.4	1.1	1.6	0.9	0.3	0.1	0.7	1.1	6.6
70	Bruce Brown	SG	22	DET	44	26	20.0	1.9	4.9	.382	0.4	1.4	.270	1.5	3.5	.429	.422	0.7	1.0	.721	0.7	2.2	2.9	1.4	0.5	0.5	0.8	2.6	4.9
71	Jaylen Brown	SG	22	BOS	47	22	26.0	4.8	10.7	.451	1.2	3.7	.320	3.6	6.9	.521	.507	1.9	2.7	.685	1.0	3.4	4.3	1.4	0.9	0.5	1.4	2.6	12.7
72	Lorenzo Brown	PG	28	TOR	26	0	8.2	0.9	2.7	.324	0.2	1.1	.214	0.7	1.7	.395	.366	0.1	0.1	1.000	0.2	1.0	1.2	1.1	0.5	0.2	0.6	0.8	2.1
73	Sterling Brown	SG	23	MIL	40	0	15.9	2.2	4.7	.460	0.9	2.5	.378	1.2	2.2	.551	.559	0.4	0.5	.789	0.5	2.4	2.9	1.3	0.4	0.1	0.7	1.4	5.6
74	Troy Brown	SF	19	WAS	29	0	7.2	0.9	2.2	.400	0.1	0.5	.267	0.8	1.7	.440	.431	0.5	0.7	.667	0.2	1.2	1.3	0.9	0.3	0.0	0.3	0.6	2.4
75	Jalen Brunson	PG	22	DAL	44	12	17.3	2.6	6.0	.434	0.6	1.8	.338	2.0	4.3	.473	.483	0.9	1.3	.691	0.3	1.5	1.8	2.3	0.5	0.0	0.8	1.4	6.7
76	Thomas Bryant	C	21	WAS	42	36	19.1	3.8	5.8	.652	0.3	0.9	.389	3.5	5.0	.697	.680	1.4	1.7	.814	1.4	4.3	5.6	1.0	0.4	0.7	0.8	1.5	9.3
77	Reggie Bullock	SG	27	DET	42	42	30.8	4.1	10.0	.409	2.5	6.6	.383	1.5	3.4	.461	.536	1.3	1.5	.875	0.5	2.2	2.7	2.5	0.5	0.1	1.2	1.8	12.0
78	Trey Burke	PG	26	NYK	33	7	20.9	4.5	10.8	.413	0.9	2.6	.349	3.6	8.2	.434	.455	1.9	2.3	.827	0.5	1.4	1.9	2.8	0.6	0.2	0.9	1.0	11.8
79	Alec Burks	SG	27	TOT	50	23	24.2	3.5	8.7	.400	1.2	3.1	.378	2.3	5.6	.412	.468	2.2	2.7	.822	0.5	3.7	4.2	2.3	0.6	0.4	1.2	1.6	10.4
79	Alec Burks	SG	27	UTA	17	0	15.8	2.8	6.7	.412	0.9	2.5	.372	1.8	4.2	.437	.482	1.9	2.2	.868	0.1	1.5	1.6	1.2	0.4	0.2	0.9	1.3	8.4
79	Alec Burks	SG	27	CLE	33	23	28.5	3.8	9.7	.396	1.3	3.4	.381	2.5	6.3	.404	.463	2.4	2.9	.804	0.7	4.8	5.5	2.9	0.7	0.5	1.3	1.8	11.4
80	Deonte Burton	SG	25	OKC	15	0	8.7	1.3	3.1	.435	0.3	0.9	.308	1.1	2.2	.485	.478	0.3	0.4	.833	0.1	1.0	1.1	0.3	0.2	0.3	0.5	1.1	3.3
Rk	Player	Pos	Age	Tm	G	GS	MP	FG	FGA	FG%	3P	3PA	3P%	2P	2PA	2P%	eFG%	FT	FTA	FT%	ORB	DRB	TRB	AST	STL	BLK	TOV	PF	PS/G
81	Jimmy Butler	SF-SG	29	TOT	41	41	33.3	6.9	14.5	.478	1.3	3.5	.378	5.6	11.0	.510	.524	4.3	5.1	.848	1.7	3.3	5.0	3.9	2.1	0.6	1.5	1.8	19.5
81	Jimmy Butler	SG	29	MIN	10	10	36.1	7.4	15.7	.471	1.7	4.5	.378	5.7	11.2	.509	.525	4.8	6.1	.787	1.6	3.6	5.2	4.3	2.4	1.0	1.4	1.8	21.3
81	Jimmy Butler	SF	29	PHI	31	31	32.4	6.8	14.1	.481	1.2	3.2	.378	5.6	10.9	.510	.523	4.2	4.8	.872	1.7	3.2	4.9	3.7	2.0	0.5	1.5	1.8	18.9
82	Bruno Caboclo	SF	23	MEM	5	0	23.0	1.6	5.8	.276	1.0	4.6	.217	0.6	1.2	.500	.362	1.8	1.8	1.000	1.0	2.4	3.4	1.0	0.6	1.6	0.6	2.0	6.0
83	Jose Calderon	PG	37	DET	42	0	14.2	1.0	2.7	.365	0.3	1.3	.250	0.7	1.4	.475	.426	0.2	0.3	.818	0.2	1.1	1.3	2.6	0.4	0.1	0.8	1.5	2.5
84	Kentavious Caldwell-Pope	SG	25	LAL	53	12	23.9	3.5	8.1	.432	1.6	4.6	.348	1.9	3.5	.540	.530	1.7	2.0	.858	0.6	2.2	2.8	1.1	0.9	0.1	0.7	1.6	10.3
85	Isaiah Canaan	PG	27	TOT	21	15	24.8	2.5	6.4	.385	1.2	3.7	.338	1.2	2.8	.448	.481	0.7	1.0	.750	0.2	2.1	2.4	3.0	0.6	0.0	1.4	2.2	6.9
85	Isaiah Canaan	PG	27	PHO	19	15	26.5	2.7	6.8	.395	1.3	3.8	.347	1.4	3.0	.456	.492	0.8	1.1	.750	0.3	2.3	2.6	3.3	0.6	0.0	1.5	2.4	7.5
85	Isaiah Canaan	PG	27	MIN	2	0	8.5	0.5	3.0	.167	0.5	2.5	.200	0.0	0.5	.000	.250	0.0	0.0		0.0	0.5	0.5	0.5	0.0	0.0	0.5	0.5	1.5
86	Clint Capela	C	24	HOU	42	42	34.2	7.5	11.9	.631	0.0	0.0		7.5	11.9	.631	.631	2.6	4.1	.626	5.0	7.6	12.6	1.5	0.6	1.8	1.5	2.7	17.6
87	DeMarre Carroll	SF	32	BRK	42	0	25.1	3.4	8.7	.393	1.6	4.6	.342	1.8	4.1	.450	.484	2.7	3.6	.739	1.0	4.0	5.0	1.1	0.4	0.1	1.1	1.6	11.1
88	Jevon Carter	PG	23	MEM	19	3	15.7	1.2	4.6	.264	0.6	2.5	.250	0.6	2.1	.282	.333	0.3	0.5	.556	0.2	0.9	1.1	1.7	0.8	0.3	0.7	1.6	3.3
89	Vince Carter	SF	42	ATL	48	8	15.8	2.3	5.5	.406	1.4	3.7	.371	0.9	1.8	.477	.530	0.4	0.6	.714	0.5	2.2	2.6	1.0	0.6	0.3	0.7	1.7	6.3
90	Wendell Carter	C	19	CHI	44	44	25.2	4.1	8.4	.485	0.1	0.7	.188	4.0	7.7	.513	.493	2.0	2.5	.795	2.0	5.0	7.0	1.8	0.6	1.3	1.5	3.5	10.3
91	Michael Carter-Williams	PG	27	HOU	16	1	9.1	1.6	3.8	.410	0.4	1.2	.368	1.1	2.6	.429	.467	0.8	1.6	.462	0.2	0.6	0.8	1.3	0.6	0.4	0.6	1.7	4.3
92	Alex Caruso	PG	24	LAL	5	0	4.0	0.4	0.8	.500	0.2	0.2	1.000	0.2	0.6	.333	.625	0.2	0.8	.250	0.2	0.0	0.2	0.2	0.0	0.4	0.0	0.6	1.2
93	Omri Casspi	SF	30	MEM	36	0	14.4	2.4	4.5	.534	0.4	1.2	.349	2.0	3.3	.602	.581	1.1	1.6	.672	0.5	2.7	3.2	0.7	0.6	0.3	0.6	1.0	6.3
94	Willie Cauley-Stein	C	25	SAC	52	52	28.4	5.7	10.5	.542	0.0	0.0	.500	5.7	10.4	.542	.543	1.8	3.3	.561	2.5	6.3	8.7	2.7	1.2	0.6	1.3	3.1	13.2
95	Troy Caupain	PG	23	ORL	2	0	4.5	1.0	2.0	.500	0.5	1.0	.500	0.5	1.0	.500	.625	0.0	0.0		0.0	1.0	1.0	1.5	0.5	0.0	0.0	0.0	2.5
96	Tyler Cavanaugh	PF	24	UTA	7	0	2.4	0.3	0.9	.333	0.0	0.4	.000	0.3	0.4	.667	.333	0.3	0.3	1.000	0.1	0.4	0.6	0.0	0.0	0.0	0.1	0.0	0.9
97	Tyson Chandler	C	36	TOT	45	6	17.3	1.3	2.2	.608	0.0	0.0	.000	1.3	2.1	.615	.608	1.1	1.8	.608	2.0	4.3	6.2	0.8	0.4	0.4	0.8	2.2	3.7
97	Tyson Chandler	C	36	PHO	7	0	12.7	1.1	1.7	.667	0.0	0.0		1.1	1.7	.667	.667	1.4	2.6	.556	1.0	4.6	5.6	0.9	0.3	0.1	1.0	3.0	3.7
97	Tyson Chandler	C	36	LAL	38	6	18.2	1.3	2.2	.600	0.0	0.0	.000	1.3	2.2	.607	.600	1.0	1.6	.623	2.1	4.2	6.4	0.7	0.5	0.5	0.7	2.1	3.7
98	Wilson Chandler	PF	31	PHI	36	32	26.4	2.5	5.8	.440	1.3	3.3	.390	1.3	2.5	.506	.551	0.4	0.5	.722	1.2	3.4	4.7	2.0	0.6	0.5	1.1	2.6	6.7
99	Joe Chealey	PG	23	CHO	1	0	8.0	1.0	3.0	.333	0.0	0.0		1.0	3.0	.333	.333	0.0	0.0		0.0	0.0	0.0	1.0	0.0	0.0	0.0	1.0	2.0
100	Marquese Chriss	PF	21	HOU	16	0	6.5	0.7	2.1	.324	0.1	0.9	.067	0.6	1.2	.526	.338	0.4	0.4	.857	0.4	1.3	1.8	0.4	0.1	0.3	0.8	1.1	1.8
Rk	Player	Pos	Age	Tm	G	GS	MP	FG	FGA	FG%	3P	3PA	3P%	2P	2PA	2P%	eFG%	FT	FTA	FT%	ORB	DRB	TRB	AST	STL	BLK	TOV	PF	PS/G
101	Gary Clark	PF	24	HOU	36	1	14.6	1.0	3.0	.321	0.8	2.8	.293	0.2	0.3	.600	.454	0.2	0.2	1.000	0.5	2.1	2.6	0.4	0.4	0.6	0.1	1.1	2.9
102	Ian Clark	SG	27	NOP	36	0	13.1	1.6	4.2	.388	0.8	2.1	.351	0.9	2.1	.427	.477	0.3	0.3	.917	0.1	1.2	1.3	1.2	0.2	0.1	0.8	1.3	4.3
103	Jordan Clarkson	SG	26	CLE	52	0	26.5	6.6	14.5	.456	1.8	5.3	.341	4.8	9.2	.523	.519	1.7	2.1	.826	0.9	2.4	3.3	2.3	0.7	0.2	1.7	1.6	16.8
104	John Collins	PF	21	ATL	36	34	30.0	7.9	13.5	.586	0.9	2.6	.370	7.0	10.9	.637	.621	2.9	4.0	.731	3.8	6.2	9.9	2.2	0.3	0.4	2.2	3.3	19.7
105	Zach Collins	C	21	POR	52	0	18.6	2.6	5.5	.479	0.6	1.7	.349	2.1	3.8	.535	.531	1.3	1.6	.798	1.4	2.9	4.3	1.0	0.4	0.8	1.0	2.6	7.1
106	Darren Collison	PG	31	IND	52	52	27.8	3.7	8.0	.460	1.0	2.5	.414	2.7	5.6	.481	.524	1.7	2.1	.822	0.4	2.4	2.8	5.8	1.5	0.2	1.6	1.8	10.1
107	Mike Conley	PG	31	MEM	51	51	33.8	6.9	15.9	.433	2.2	6.0	.359	4.7	9.9	.478	.501	4.3	5.0	.844	0.6	2.8	3.4	6.3	1.4	0.3	1.9	1.7	20.2
108	Pat Connaughton	SG	26	MIL	32	1	17.9	2.4	5.5	.434	0.9	3.3	.288	1.4	2.2	.648	.520	0.4	0.6	.700	0.8	2.8	3.6	2.1	0.5	0.5	0.5	1.2	6.1
109	Quinn Cook	PG	25	GSW	44	8	14.8	2.9	6.3	.464	1.1	2.8	.398	1.8	3.5	.516	.553	0.3	0.5	.750	0.3	1.9	2.2	1.7	0.3	0.1	0.7	1.4	7.3
110	DeMarcus Cousins	C	28	GSW	7	7	22.7	4.9	11.1	.436	1.0	2.6	.389	3.9	8.6	.450	.481	3.7	4.6	.813	1.0	6.3	7.3	4.0	1.0	0.9	1.9	4.0	14.4
111	Robert Covington	SF	28	TOT	35	35	34.4	4.5	10.3	.431	2.4	6.4	.378	2.0	3.9	.518	.548	1.9	2.5	.764	0.8	4.7	5.5	1.3	2.1	1.3	1.3	3.6	13.3
111	Robert Covington	SF	28	PHI	13	13	33.8	3.8	9.0	.427	2.3	5.9	.390	1.5	3.1	.500	.556	1.3	1.8	.739	0.5	4.6	5.2	1.1	1.8	1.8	1.7	3.5	11.3
111	Robert Covington	SF	28	MIN	22	22	34.7	4.8	11.1	.433	2.5	6.7	.372	2.3	4.4	.526	.545	2.3	3.0	.773	1.0	4.8	5.7	1.5	2.3	1.1	1.1	3.7	14.5
112	Allen Crabbe	SG	26	BRK	28	15	26.1	3.0	8.9	.343	2.3	6.0	.387	0.7	2.9	.250	.474	1.1	1.4	.789	0.5	3.0	3.5	1.1	0.6	0.3	1.1	2.4	9.5
113	Torrey Craig	SF	28	DEN	47	37	23.0	2.4	5.5	.444	0.8	2.7	.295	1.6	2.8	.592	.517	0.7	1.1	.640	1.5	2.7	4.2	1.0	0.6	0.6	0.8	2.5	6.4
114	Jamal Crawford	SG	38	PHO	44	0	17.8	2.3	6.2	.364	0.8	2.6	.287	1.5	3.6	.420	.425	1.3	1.5	.809	0.2	1.0	1.2	3.3	0.5	0.2	1.4	1.3	6.5
115	Mitch Creek	SF	26	BRK	3	0	6.7	0.7	1.7	.400	0.0	0.0		0.7	1.7	.400	.400	1.0	1.3	.750	0.3	1.3	1.7	0.3	0.3	0.0	0.0	0.7	2.3
116	Jae Crowder	SF	28	UTA	53	8	27.6	3.9	10.0	.395	2.2	6.5	.332	1.8	3.5	.514	.504	1.9	2.8	.699	0.8	3.9	4.7	1.6	0.8	0.4	1.2	2.0	12.0
117	Dante Cunningham	PF	31	SAS	48	21	16.0	1.3	2.7	.473	0.6	1.1	.491	0.7	1.6	.461	.576	0.2	0.3	.786	0.9	2.6	3.5	0.9	0.4	0.3	0.4	1.3	3.4
118	Seth Curry	SG	28	POR	46	2	17.8	2.4	5.3	.445	1.4	2.9	.485	1.0	2.4	.396	.578	0.2	0.2	1.000	0.3	1.2	1.5	1.0	0.4	0.2	0.7	1.4	6.3
119	Stephen Curry	PG	30	GSW	41	41	34.3	9.8	19.8	.493	5.2	11.6	.451	4.5	8.1	.554	.626	4.4	4.8	.923	0.7	4.4	5.1	5.3	1.1	0.3	2.9	2.5	29.2
120	Troy Daniels	SG	27	PHO	27	0	13.2	1.9	4.7	.406	1.4	3.6	.392	0.5	1.1	.452	.555	0.4	0.6	.800	0.2	0.9	1.1	0.3	0.6	0.1	0.6	1.3	5.7
Rk	Player	Pos	Age	Tm	G	GS	MP	FG	FGA	FG%	3P	3PA	3P%	2P	2PA	2P%	eFG%	FT	FTA	FT%	ORB	DRB	TRB	AST	STL	BLK	TOV	PF	PS/G
121	Anthony Davis	C	25	NOP	41	41	37.0	10.5	20.6	.508	1.0	3.0	.325	9.5	17.6	.539	.532	7.4	9.1	.812	3.4	9.9	13.3	4.4	1.7	2.6	2.0	2.6	29.3
122	Ed Davis	C	29	BRK	53	1	18.5	2.5	4.0	.624	0.0	0.0	.000	2.5	3.9	.630	.624	1.1	1.9	.574	3.0	5.9	8.9	0.8	0.5	0.4	0.8	2.8	6.0
123	Tyler Davis	C	21	OKC	1	0	1.0	0.0	1.0	.000	0.0	0.0		0.0	1.0	.000	.000	0.0	0.0		1.0	0.0	1.0	0.0	0.0	0.0	0.0	0.0	0.0
124	Dewayne Dedmon	C	29	ATL	42	31	24.8	3.9	8.1	.481	1.2	3.3	.380	2.6	4.8	.550	.558	1.3	1.5	.873	1.6	5.8	7.4	1.4	1.0	1.0	1.4	3.4	10.3
125	Sam Dekker	SF-PF	24	TOT	33	5	17.3	2.8	5.7	.497	0.3	1.2	.289	2.5	4.6	.550	.526	0.5	0.9	.600	1.2	2.4	3.6	0.9	0.9	0.2	0.5	1.0	6.6
125	Sam Dekker	PF	24	CLE	9	5	18.8	2.4	5.3	.458	0.6	1.4	.385	1.9	3.9	.486	.510	0.9	1.1	.800	1.0	2.7	3.7	1.0	1.2	0.0	0.6	1.4	6.3
125	Sam Dekker	SF	24	WAS	24	0	16.8	3.0	5.9	.511	0.3	1.0	.240	2.8	4.8	.569	.532	0.4	0.8	.500	1.3	2.3	3.6	0.9	0.8	0.3	0.4	0.8	6.7
126	Matthew Dellavedova	PG	28	TOT	36	0	15.3	2.1	4.7	.444	1.0	2.6	.387	1.1	2.1	.513	.550	0.9	1.0	.865	0.1	1.3	1.4	3.2	0.2	0.0	1.4	1.4	6.1
126	Matthew Dellavedova	PG	28	MIL	12	0	8.1	0.5	1.6	.316	0.3	0.9	.364	0.2	0.7	.250	.421	0.3	0.3	1.000	0.0	0.8	0.8	2.4	0.2	0.0	0.9	0.8	1.7
126	Matthew Dellavedova	PG	28	CLE	24	0	19.0	2.9	6.3	.460	1.3	3.4	.390	1.5	2.8	.544	.567	1.2	1.4	.848	0.2	1.5	1.8	3.6	0.2	0.0	1.6	1.8	8.3
127	Luol Deng	SF	33	MIN	13	0	12.9	2.1	4.4	.474	0.6	1.8	.333	1.5	2.5	.576	.544	1.2	1.5	.789	0.8	1.9	2.7	0.4	0.5	0.2	0.4	0.7	5.9
128	DeMar DeRozan	SG	29	SAS	50	50	35.2	8.2	17.7	.461	0.1	0.8	.171	8.0	16.9	.475	.465	4.8	5.8	.824	0.8	5.5	6.3	6.2	1.0	0.5	2.6	2.2	21.2
129	Marcus Derrickson	PF	22	GSW	8	0	5.6	1.0	2.5	.400	0.4	1.4	.273	0.6	1.1	.556	.475	0.4	0.5	.750	0.4	0.4	0.8	0.0	0.0	0.1	0.4	1.1	2.8
130	Cheick Diallo	PF	22	NOP	35	0	10.3	1.7	2.9	.578	0.0	0.1	.000	1.7	2.9	.590	.578	0.7	0.9	.697	0.8	2.7	3.5	0.4	0.4	0.5	0.6	1.2	4.0
131	Hamidou Diallo	SG	20	OKC	42	3	12.0	1.7	3.8	.456	0.1	0.5	.174	1.6	3.2	.504	.468	0.8	1.4	.603	0.9	1.3	2.2	0.4	0.4	0.2	0.5	1.7	4.4
132	Gorgui Dieng	C	29	MIN	52	0	13.7	2.1	4.3	.491	0.3	0.8	.333	1.9	3.6	.524	.520	1.1	1.2	.887	1.0	3.1	4.0	0.9	0.5	0.5	0.6	1.9	5.5
133	Spencer Dinwiddie	PG	25	BRK	49	4	28.6	5.6	12.2	.461	2.0	5.3	.366	3.7	6.8	.536	.542	4.0	5.1	.795	0.4	2.0	2.5	5.0	0.6	0.2	2.3	2.8	17.2
134	Donte DiVincenzo	SG	22	MIL	23	0	15.6	1.8	4.7	.393	0.7	3.0	.246	1.1	1.7	.658	.472	0.4	0.5	.818	0.6	1.9	2.4	1.2	0.5	0.3	0.8	1.5	4.8
135	Luka Doncic	SG	19	DAL	50	50	32.1	6.9	15.8	.435	2.4	6.8	.352	4.5	9.0	.499	.511	4.5	6.2	.731	1.1	5.9	7.0	5.4	1.1	0.3	3.2	1.9	20.7
136	Tyler Dorsey	SG	22	ATL	27	0	9.3	1.2	3.3	.360	0.4	1.4	.256	0.8	1.9	.440	.416	0.6	1.0	.615	0.3	1.3	1.6	0.6	0.3	0.0	0.4	0.7	3.3
137	Damyean Dotson	SG	24	NYK	42	11	25.1	3.6	8.2	.439	1.5	3.8	.384	2.1	4.4	.486	.528	0.8	1.2	.694	0.6	3.0	3.5	1.3	0.9	0.1	0.7	1.8	9.5
138	PJ Dozier	SG	22	BOS	4	0	2.5	0.8	1.5	.500	0.3	0.5	.500	0.5	1.0	.500	.583	0.0	0.0		0.5	0.5	1.0	0.0	0.0	0.0	0.0	0.3	1.8
139	Goran Dragic	PG	32	MIA	14	14	29.1	5.5	13.4	.410	1.6	5.0	.314	3.9	8.4	.466	.468	2.7	3.6	.760	0.6	2.5	3.1	4.9	0.7	0.3	2.5	2.1	15.3
140	Andre Drummond	C	25	DET	48	48	33.0	7.0	13.7	.508	0.1	0.6	.129	6.9	13.1	.527	.511	2.6	4.8	.537	5.2	9.6	14.9	1.2	1.6	1.6	2.4	3.4	16.6
Rk	Player	Pos	Age	Tm	G	GS	MP	FG	FGA	FG%	3P	3PA	3P%	2P	2PA	2P%	eFG%	FT	FTA	FT%	ORB	DRB	TRB	AST	STL	BLK	TOV	PF	PS/G
141	Jared Dudley	PF	33	BRK	43	25	22.0	1.8	4.4	.405	0.9	2.8	.322	0.9	1.6	.551	.508	0.5	0.8	.629	0.6	2.2	2.8	1.5	0.7	0.3	0.9	2.4	5.0
142	Kris Dunn	PG	24	CHI	27	25	31.0	5.0	11.5	.434	0.6	1.7	.356	4.4	9.9	.447	.460	1.4	1.7	.787	0.3	4.0	4.2	6.3	1.5	0.5	2.5	3.7	12.0
143	Kevin Durant	PF	30	GSW	52	52	35.5	9.6	19.0	.505	1.8	5.0	.366	7.8	14.0	.555	.554	6.4	7.1	.908	0.5	6.6	7.1	6.0	0.8	1.1	3.2	1.9	27.5
144	Vince Edwards	SF	22	HOU	2	0	8.0	0.5	2.0	.250	0.5	2.0	.250	0.0	0.0		.375	0.0	0.0		0.5	0.5	1.0	0.0	0.0	0.0	0.0	0.0	1.5
145	Henry Ellenson	PF	22	DET	2	0	12.5	2.0	5.0	.400	1.0	2.0	.500	1.0	3.0	.333	.500	1.0	1.0	1.000	0.0	4.5	4.5	0.5	0.0	0.0	0.0	1.0	6.0
146	Wayne Ellington	SG	31	MIA	25	12	21.3	2.8	7.4	.375	2.3	6.2	.368	0.5	1.2	.414	.530	0.6	0.6	.875	0.2	1.6	1.9	1.2	1.0	0.1	0.6	1.6	8.4
147	Joel Embiid	C	24	PHI	49	49	33.5	9.0	18.7	.482	1.2	4.0	.294	7.8	14.7	.533	.514	8.1	10.1	.803	2.6	10.9	13.5	3.6	0.6	1.9	3.6	3.3	27.2
148	James Ennis	SF	28	HOU	38	24	23.3	2.6	5.1	.503	1.1	2.9	.373	1.5	2.2	.671	.608	1.1	1.5	.714	0.9	1.9	2.9	0.6	0.9	0.4	0.6	2.8	7.3
149	Drew Eubanks	PF	21	SAS	12	0	3.9	0.8	1.2	.714	0.0	0.0		0.8	1.2	.714	.714	0.5	0.7	.750	0.1	0.9	1.0	0.2	0.1	0.0	0.2	0.3	2.2
150	Jacob Evans	SG	21	GSW	23	0	4.3	0.3	1.1	.240	0.0	0.3	.167	0.2	0.8	.263	.260	0.0	0.0	.000	0.0	0.3	0.4	0.6	0.0	0.0	0.3	0.6	0.6
151	Jawun Evans	PG	22	PHO	5	0	10.0	0.4	2.0	.200	0.0	0.4	.000	0.4	1.6	.250	.200	0.0	0.0		0.2	1.8	2.0	1.8	0.6	0.0	0.8	1.4	0.8
152	Tyreke Evans	SG	29	IND	45	12	20.5	3.8	9.8	.389	1.2	3.4	.353	2.6	6.4	.408	.450	1.8	2.3	.769	0.6	2.2	2.7	2.4	1.0	0.2	1.8	1.7	10.6
153	Dante Exum	PG	23	UTA	39	1	16.3	2.6	6.0	.432	0.5	1.5	.305	2.1	4.5	.474	.470	1.7	2.2	.791	0.4	1.3	1.7	2.7	0.4	0.1	1.2	1.6	7.4
154	Kenneth Faried	C	29	TOT	19	6	17.0	3.7	6.3	.597	0.1	0.5	.200	3.6	5.7	.633	.605	1.7	2.7	.615	2.1	3.7	5.8	0.5	0.4	0.6	0.9	1.8	9.3
154	Kenneth Faried	C	29	BRK	12	0	9.8	2.1	3.5	.595	0.1	0.4	.200	2.0	3.1	.649	.607	0.8	1.3	.625	1.3	2.4	3.7	0.2	0.2	0.3	0.5	0.7	5.1
154	Kenneth Faried	C	29	HOU	7	6	29.3	6.6	11.0	.597	0.1	0.7	.200	6.4	10.3	.625	.604	3.1	5.1	.611	3.6	6.0	9.6	1.0	0.9	1.1	1.6	3.9	16.4
155	Derrick Favors	C	27	UTA	53	47	23.1	4.4	7.6	.576	0.3	1.1	.233	4.1	6.4	.636	.594	1.9	3.0	.652	2.7	4.4	7.1	1.1	0.7	1.3	1.0	2.2	10.9
156	Cristiano Felicio	C	26	CHI	32	0	9.6	1.2	2.0	.569	0.0	0.1	.000	1.2	2.0	.587	.569	0.5	0.7	.739	0.8	1.8	2.6	0.5	0.2	0.1	0.4	0.8	2.8
157	Raymond Felton	PG	34	OKC	15	0	11.1	1.9	5.1	.368	0.4	2.0	.200	1.5	3.1	.478	.408	0.5	0.6	.889	0.2	1.2	1.4	1.8	0.4	0.3	0.7	0.9	4.7
158	Terrance Ferguson	SG	20	OKC	43	43	23.4	2.3	5.3	.435	1.3	3.3	.389	1.0	2.0	.512	.557	0.4	0.6	.640	0.5	1.3	1.8	0.7	0.6	0.3	0.6	3.0	6.3
159	Yogi Ferrell	PG	25	SAC	42	3	14.7	2.2	4.9	.440	0.7	2.0	.366	1.5	3.0	.488	.512	0.7	0.8	.886	0.2	1.4	1.6	1.9	0.5	0.1	0.5	0.8	5.8
160	Dorian Finney-Smith	SF	25	DAL	52	13	24.6	2.8	6.2	.461	1.0	3.0	.346	1.8	3.2	.570	.545	0.9	1.4	.667	1.7	2.8	4.6	0.8	1.0	0.5	1.0	2.4	7.7
Rk	Player	Pos	Age	Tm	G	GS	MP	FG	FGA	FG%	3P	3PA	3P%	2P	2PA	2P%	eFG%	FT	FTA	FT%	ORB	DRB	TRB	AST	STL	BLK	TOV	PF	PS/G
161	Bryn Forbes	PG	25	SAS	54	54	28.7	4.5	10.0	.450	2.2	5.2	.423	2.3	4.9	.479	.559	0.9	1.0	.891	0.2	2.7	2.9	2.2	0.6	0.1	1.1	2.2	12.1
162	Evan Fournier	SG	26	ORL	52	52	31.3	5.6	13.1	.428	1.9	5.8	.333	3.7	7.4	.501	.501	1.6	2.0	.774	0.5	2.5	3.0	3.5	0.9	0.2	2.0	2.8	14.7
163	De'Aaron Fox	PG	21	SAC	51	51	31.5	6.2	13.5	.460	1.1	3.0	.364	5.2	10.6	.487	.500	3.9	5.4	.733	0.6	3.1	3.7	7.2	1.7	0.5	3.1	2.6	17.5
164	Melvin Frazier	SG	22	ORL	3	0	5.3	0.0	1.0	.000	0.0	0.3	.000	0.0	0.7	.000	.000	0.0	0.0		0.0	0.3	0.3	0.0	0.3	0.0	0.3	1.0	0.0
165	Tim Frazier	PG	28	NOP	41	17	18.9	1.8	4.1	.446	0.6	1.7	.348	1.2	2.4	.515	.518	0.6	0.8	.774	0.7	2.2	2.9	4.4	0.5	0.1	1.2	2.0	4.8
166	Channing Frye	C	35	CLE	26	5	10.3	1.2	3.3	.345	0.8	2.2	.379	0.3	1.1	.276	.471	0.3	0.5	.750	0.2	1.4	1.6	0.6	0.2	0.2	0.4	1.3	3.5
167	Markelle Fultz	PG	20	PHI	19	15	22.5	3.4	8.2	.419	0.2	0.7	.286	3.2	7.4	.433	.432	1.1	1.9	.568	1.4	2.3	3.7	3.1	0.9	0.3	1.3	2.7	8.2
168	Danilo Gallinari	SF	30	LAC	44	44	31.3	5.8	12.8	.450	2.4	5.5	.446	3.3	7.4	.452	.544	5.0	5.5	.906	0.9	5.0	6.0	2.5	0.7	0.3	1.4	2.1	19.0
169	Langston Galloway	SG	27	DET	49	2	21.7	2.8	7.3	.377	1.6	4.8	.332	1.2	2.5	.463	.486	0.9	1.1	.796	0.7	1.7	2.4	1.1	0.4	0.1	0.3	1.6	8.0
170	Marc Gasol	C	34	MEM	52	52	33.8	5.6	12.8	.440	1.4	4.2	.346	4.2	8.6	.485	.496	2.9	3.8	.755	1.0	7.5	8.6	4.7	1.1	1.2	2.3	2.8	15.6
171	Pau Gasol	C	38	SAS	23	6	13.3	1.7	3.5	.481	0.2	0.4	.500	1.5	3.1	.479	.512	1.0	1.4	.719	0.9	4.2	5.1	2.0	0.2	0.6	0.6	1.0	4.6
172	Rudy Gay	PF	32	SAS	44	41	27.3	5.7	11.0	.523	1.0	2.5	.414	4.7	8.4	.555	.571	1.8	2.0	.867	1.0	5.6	6.5	2.5	0.9	0.6	1.6	2.6	14.3
173	Paul George	SF	28	OKC	50	50	36.0	9.3	20.5	.454	3.7	9.0	.410	5.6	11.5	.488	.543	5.4	6.5	.828	1.5	6.5	8.0	4.0	2.3	0.5	2.6	2.7	27.6
174	Taj Gibson	PF	33	MIN	51	51	25.5	4.3	7.7	.565	0.2	0.6	.333	4.1	7.0	.587	.579	1.7	2.3	.733	2.5	4.2	6.7	1.2	0.8	0.6	1.1	2.7	10.5
175	Harry Giles	PF	20	SAC	39	0	12.7	2.6	5.3	.498	0.0	0.1	.000	2.6	5.1	.510	.498	0.7	1.3	.560	1.0	2.4	3.4	1.4	0.6	0.4	1.2	2.5	5.9
176	Shai Gilgeous-Alexander	PG	20	LAC	53	44	26.1	3.8	8.3	.462	0.5	1.6	.321	3.3	6.7	.496	.493	1.8	2.2	.814	0.7	2.0	2.7	3.0	1.1	0.5	1.8	2.1	10.0
177	Rudy Gobert	C	26	UTA	54	53	31.5	5.6	8.6	.650	0.0	0.0		5.6	8.6	.650	.650	3.9	6.0	.652	3.7	9.1	12.8	2.2	0.9	2.2	1.6	2.8	15.1
178	Brandon Goodwin	PG	23	DEN	15	0	3.5	0.3	1.2	.278	0.1	0.3	.500	0.2	0.9	.214	.333	0.6	0.7	.818	0.1	0.1	0.2	0.8	0.0	0.0	0.2	0.5	1.4
179	Aaron Gordon	PF	23	ORL	49	49	33.7	6.0	13.3	.449	1.6	4.4	.349	4.4	8.9	.500	.508	2.3	3.2	.723	1.8	5.7	7.5	3.4	0.7	0.7	1.9	2.2	15.8
180	Eric Gordon	SG	30	HOU	41	27	32.7	5.6	14.5	.390	2.7	8.4	.318	3.0	6.1	.488	.481	2.2	2.8	.784	0.3	2.3	2.6	2.0	0.5	0.4	1.5	2.3	16.1
Rk	Player	Pos	Age	Tm	G	GS	MP	FG	FGA	FG%	3P	3PA	3P%	2P	2PA	2P%	eFG%	FT	FTA	FT%	ORB	DRB	TRB	AST	STL	BLK	TOV	PF	PS/G
181	Marcin Gortat	C	34	LAC	46	42	16.0	2.2	4.0	.535	0.0	0.0		2.2	4.0	.535	.535	0.8	1.0	.729	1.5	4.1	5.5	1.4	0.1	0.5	1.1	2.0	5.1
182	Devonte' Graham	PG	23	CHO	28	3	12.8	1.5	4.1	.374	0.8	2.3	.328	0.8	1.8	.431	.465	0.5	0.7	.750	0.1	1.0	1.1	2.2	0.6	0.0	0.6	1.0	4.4
183	Treveon Graham	SG	25	BRK	16	10	22.8	1.6	5.3	.298	0.7	3.1	.220	0.9	2.1	.412	.363	0.8	1.0	.750	0.8	2.3	3.1	1.1	0.4	0.3	0.9	2.4	4.6
184	Jerami Grant	PF	24	OKC	51	48	32.2	4.9	9.5	.512	1.1	3.1	.357	3.8	6.5	.587	.570	2.0	2.9	.701	1.0	4.0	5.0	1.0	0.9	1.4	0.8	2.7	12.9
185	Jerian Grant	PG	26	ORL	44	1	17.6	1.5	3.9	.392	0.6	1.9	.325	0.9	2.0	.455	.471	0.5	0.7	.677	0.4	1.5	1.8	2.9	0.8	0.1	1.0	1.5	4.1
186	Danny Green	SG	31	TOR	51	51	29.0	3.6	8.2	.441	2.3	5.5	.421	1.3	2.7	.482	.583	0.5	0.5	.885	0.9	3.3	4.2	1.3	0.9	0.8	1.0	2.4	10.0
187	Draymond Green	PF	28	GSW	37	37	31.2	2.7	6.5	.411	0.6	2.4	.247	2.1	4.1	.507	.456	1.0	1.3	.735	1.1	6.8	7.8	7.4	1.6	1.0	2.5	3.3	6.9
188	Gerald Green	SG	33	HOU	48	0	21.2	3.2	7.9	.408	2.2	6.2	.352	1.0	1.6	.620	.548	0.7	0.9	.810	0.5	2.2	2.7	0.6	0.3	0.4	0.7	1.9	9.3
189	JaMychal Green	PF	28	MEM	40	4	22.3	3.8	7.8	.487	1.0	2.4	.396	2.8	5.4	.528	.548	1.6	2.0	.788	1.8	4.4	6.2	0.9	0.8	0.7	1.6	3.1	10.1
190	Jeff Green	PF	32	WAS	50	25	27.7	4.3	9.0	.473	1.5	4.0	.372	2.8	5.1	.553	.555	2.1	2.4	.892	0.9	3.6	4.5	1.8	0.5	0.5	1.3	2.2	12.2
191	Blake Griffin	PF	29	DET	49	49	36.6	8.9	18.8	.473	2.4	6.8	.358	6.4	12.0	.538	.538	5.9	7.8	.760	1.3	6.9	8.2	5.3	0.8	0.4	3.8	2.9	26.2
192	Daniel Hamilton	SG	23	ATL	19	3	10.7	1.2	3.2	.383	0.4	1.2	.348	0.8	1.9	.405	.450	0.2	0.3	.500	0.5	1.9	2.5	1.2	0.3	0.1	0.8	1.0	3.0
193	Tim Hardaway	SG	26	NYK	46	46	32.6	6.1	15.8	.388	2.5	7.3	.347	3.6	8.5	.424	.469	4.3	5.1	.854	0.6	2.9	3.5	2.7	0.9	0.1	1.8	2.3	19.1
194	James Harden	SG	29	HOU	49	49	37.5	10.6	24.1	.439	4.9	13.3	.370	5.7	10.8	.526	.542	10.3	11.9	.867	1.0	5.8	6.8	8.1	2.2	0.8	5.5	3.3	36.3
195	Maurice Harkless	SF	25	POR	32	25	21.7	2.5	5.4	.468	0.6	1.9	.300	2.0	3.5	.558	.520	0.6	0.8	.692	1.1	2.8	3.9	0.8	0.9	0.9	0.7	2.9	6.2
196	Montrezl Harrell	C	25	LAC	53	2	26.1	6.3	10.1	.623	0.0	0.2	.125	6.3	10.0	.631	.624	3.1	5.1	.610	2.4	4.3	6.7	1.6	0.9	1.3	1.4	3.0	15.8
197	Devin Harris	PG	35	DAL	40	0	15.1	2.2	5.2	.417	0.9	2.9	.307	1.3	2.3	.554	.502	1.3	1.7	.735	0.2	1.4	1.5	1.4	0.7	0.2	0.7	1.8	6.4
198	Gary Harris	SG	24	DEN	32	27	29.9	5.4	12.8	.425	1.6	5.0	.314	3.9	7.8	.496	.487	2.3	2.9	.815	0.7	2.3	3.0	2.7	1.0	0.4	1.2	2.1	14.8
199	Joe Harris	SG	27	BRK	50	50	29.7	4.8	9.9	.488	2.3	5.1	.453	2.5	4.8	.525	.604	1.3	1.5	.842	0.7	3.0	3.7	2.5	0.5	0.2	1.6	2.7	13.3
200	Tobias Harris	PF	26	LAC	53	53	34.6	7.7	15.4	.498	2.0	4.7	.426	5.7	10.7	.529	.563	3.5	4.0	.878	0.7	7.3	7.9	2.7	0.7	0.5	1.9	2.2	20.8
Rk	Player	Pos	Age	Tm	G	GS	MP	FG	FGA	FG%	3P	3PA	3P%	2P	2PA	2P%	eFG%	FT	FTA	FT%	ORB	DRB	TRB	AST	STL	BLK	TOV	PF	PS/G
201	Andrew Harrison	SG-PG	24	TOT	17	0	11.0	0.9	3.1	.302	0.3	1.5	.200	0.6	1.6	.393	.349	1.0	1.1	.944	0.4	0.8	1.2	1.4	0.2	0.1	0.7	2.0	3.2
201	Andrew Harrison	PG	24	MEM	1	0	5.0	1.0	2.0	.500	0.0	1.0	.000	1.0	1.0	1.000	.500	0.0	0.0		0.0	0.0	0.0	0.0	0.0	0.0	0.0	1.0	2.0
201	Andrew Harrison	SG	24	CLE	10	0	14.4	1.2	3.9	.308	0.3	1.4	.214	0.9	2.5	.360	.346	1.6	1.6	1.000	0.4	1.1	1.5	1.7	0.4	0.2	1.0	2.6	4.3
201	Andrew Harrison	SG	24	NOP	6	0	6.3	0.5	2.0	.250	0.3	1.7	.200	0.2	0.3	.500	.333	0.2	0.3	.500	0.3	0.5	0.8	1.2	0.0	0.0	0.3	1.2	1.5
202	Shaquille Harrison	PG	25	CHI	44	0	17.4	2.0	5.0	.401	0.4	1.3	.276	1.7	3.7	.445	.437	1.0	1.7	.622	0.3	2.3	2.6	1.6	1.2	0.4	0.7	1.6	5.5
203	Josh Hart	SG	23	LAL	53	21	26.7	3.1	7.6	.409	1.5	4.5	.340	1.6	3.1	.509	.510	0.9	1.4	.681	0.5	3.5	4.0	1.5	1.1	0.6	1.0	2.3	8.6
204	Isaiah Hartenstein	PF	20	HOU	25	0	8.0	0.8	1.6	.475	0.1	0.2	.333	0.7	1.4	.500	.500	0.4	0.6	.786	0.8	0.9	1.7	0.5	0.2	0.4	0.5	2.0	2.0
205	Udonis Haslem	C	38	MIA	3	0	4.7	0.7	2.0	.333	0.0	0.7	.000	0.7	1.3	.500	.333	0.0	0.0		0.3	1.3	1.7	0.0	0.0	0.0	0.7	1.0	1.3
206	Gordon Hayward	PF	28	BOS	47	16	25.7	3.8	9.0	.422	1.2	3.7	.320	2.6	5.4	.492	.487	2.0	2.3	.844	0.9	3.7	4.6	3.4	1.0	0.3	1.5	1.4	10.7
207	John Henson	C	28	MIL	14	0	13.4	2.2	4.8	.463	0.8	2.2	.355	1.4	2.6	.556	.545	0.4	0.7	.600	1.1	3.9	5.1	1.0	0.5	0.8	0.9	1.1	5.6
208	Juan Hernangomez	PF	23	DEN	50	25	23.3	2.6	5.5	.467	1.3	3.2	.399	1.3	2.4	.559	.582	1.2	1.6	.795	1.2	3.6	4.7	0.9	0.4	0.4	0.7	1.4	7.7
209	Willy Hernangomez	C	24	CHO	44	2	13.8	2.7	5.3	.519	0.3	0.7	.433	2.4	4.6	.532	.548	1.6	2.4	.676	2.0	3.5	5.5	0.9	0.3	0.3	1.0	1.8	7.4
210	Mario Hezonja	SF	23	NYK	43	11	18.9	3.0	7.4	.401	0.7	2.5	.269	2.3	4.9	.469	.446	1.2	1.7	.704	0.4	3.0	3.4	1.0	1.0	0.1	1.2	1.7	7.7
211	Buddy Hield	SG	26	SAC	52	52	31.5	7.7	16.0	.480	3.5	7.5	.460	4.2	8.4	.497	.588	1.7	2.0	.863	1.2	3.7	4.9	2.3	0.5	0.3	1.8	2.5	20.5
212	Haywood Highsmith	SF	22	PHI	2	0	4.5	0.5	1.0	.500	0.5	1.0	.500	0.0	0.0		.750	0.0	0.0		0.0	0.5	0.5	1.0	0.0	0.0	0.0	0.0	1.5
213	Nene Hilario	C	36	HOU	25	2	13.3	1.5	2.8	.543	0.0	0.1	.000	1.5	2.7	.559	.543	0.9	1.2	.710	0.8	2.4	3.2	0.7	0.4	0.4	0.2	2.1	3.9
214	George Hill	PG	32	TOT	39	13	23.0	2.8	6.3	.451	0.8	2.4	.337	2.0	3.9	.523	.516	1.1	1.3	.808	0.7	1.7	2.4	2.4	1.0	0.1	0.9	2.0	7.6
214	George Hill	PG	32	CLE	13	13	26.5	4.2	8.2	.514	1.0	2.2	.464	3.2	6.1	.532	.575	1.3	1.5	.850	0.9	1.2	2.1	2.8	0.9	0.1	1.5	2.7	10.8
214	George Hill	PG	32	MIL	26	0	21.3	2.2	5.3	.403	0.7	2.6	.284	1.4	2.8	.514	.471	1.0	1.2	.781	0.5	2.0	2.6	2.2	1.0	0.1	0.6	1.6	6.0
215	Solomon Hill	SF	27	NOP	34	15	20.8	1.5	3.8	.388	0.6	2.1	.286	0.9	1.7	.508	.465	0.5	0.7	.680	0.9	2.3	3.1	1.3	0.5	0.2	0.7	1.8	4.0
216	Aaron Holiday	PG	22	IND	33	0	11.1	1.8	4.8	.384	0.7	2.5	.293	1.1	2.3	.481	.459	0.8	0.9	.900	0.1	1.3	1.4	1.4	0.4	0.3	0.7	1.2	5.2
217	Jrue Holiday	SG	28	NOP	53	53	36.7	8.2	17.1	.477	1.7	5.1	.331	6.5	12.0	.538	.526	3.1	4.0	.757	1.2	3.7	4.9	8.0	1.6	0.8	3.3	2.3	21.0
218	Justin Holiday	SG	29	TOT	53	48	32.6	3.5	9.6	.367	2.1	6.2	.339	1.4	3.4	.417	.476	1.1	1.2	.894	0.5	3.6	4.1	2.0	1.6	0.5	1.3	2.0	10.2
218	Justin Holiday	SG	29	CHI	38	38	34.9	4.0	10.4	.383	2.6	7.1	.359	1.4	3.3	.435	.506	1.1	1.2	.891	0.5	3.9	4.4	2.2	1.8	0.6	1.2	2.1	11.6
218	Justin Holiday	SG	29	MEM	15	10	26.9	2.3	7.5	.310	0.9	3.8	.246	1.4	3.7	.375	.372	1.2	1.3	.900	0.3	2.9	3.2	1.5	1.1	0.3	1.6	1.7	6.8
219	John Holland	SF	30	CLE	1	0	1.0	0.0	0.0		0.0	0.0		0.0	0.0			0.0	0.0		0.0	0.0	0.0	0.0	0.0	0.0	0.0	0.0	0.0
220	Rondae Hollis-Jefferson	SF	24	BRK	43	20	22.5	3.5	8.7	.401	0.2	0.9	.231	3.3	7.7	.420	.413	2.2	3.4	.651	1.3	4.1	5.5	1.8	0.7	0.5	1.1	1.9	9.3
Rk	Player	Pos	Age	Tm	G	GS	MP	FG	FGA	FG%	3P	3PA	3P%	2P	2PA	2P%	eFG%	FT	FTA	FT%	ORB	DRB	TRB	AST	STL	BLK	TOV	PF	PS/G
221	Richaun Holmes	C	25	PHO	48	2	16.5	3.2	4.8	.664	0.0	0.0		3.2	4.8	.664	.664	1.6	2.3	.722	1.6	2.9	4.5	0.9	0.6	1.2	0.8	2.6	8.0
222	Rodney Hood	SG	26	CLE	45	45	27.4	4.3	10.1	.427	1.2	3.4	.362	3.1	6.7	.460	.488	2.3	2.5	.912	0.4	2.1	2.5	2.0	0.8	0.1	0.8	2.2	12.2
223	Al Horford	C	32	BOS	42	42	28.2	5.3	10.0	.532	1.1	3.0	.359	4.2	6.9	.608	.587	0.8	1.1	.778	1.9	4.8	6.7	3.7	0.8	1.5	1.6	1.9	12.5
224	Danuel House	SF	25	HOU	25	12	24.8	2.8	6.2	.458	1.6	4.0	.390	1.3	2.2	.582	.584	1.8	2.2	.818	0.8	2.8	3.6	1.0	0.6	0.4	0.9	1.8	9.0
225	Dwight Howard	C	33	WAS	9	9	25.6	4.8	7.7	.623	0.0	0.0		4.8	7.7	.623	.623	3.2	5.3	.604	2.7	6.6	9.2	0.4	0.8	0.4	1.8	3.8	12.8
226	Kevin Huerter	SG	20	ATL	48	32	27.1	3.4	8.3	.410	1.8	4.6	.382	1.6	3.7	.444	.515	0.6	0.8	.744	0.8	2.4	3.2	2.8	0.9	0.4	1.6	2.0	9.1
227	Chandler Hutchison	SF	22	CHI	44	14	20.3	2.2	4.8	.459	0.3	1.1	.280	1.9	3.6	.516	.493	0.5	0.9	.605	0.7	3.5	4.2	0.8	0.5	0.1	0.6	1.3	5.2
228	Serge Ibaka	C	29	TOR	49	40	29.0	6.7	12.8	.522	0.7	2.6	.260	6.0	10.2	.589	.549	2.0	2.6	.787	2.1	5.6	7.6	1.4	0.5	1.4	1.8	3.1	16.1
229	Andre Iguodala	SF	35	GSW	47	11	23.6	2.2	4.5	.486	0.7	2.1	.354	1.4	2.4	.604	.569	0.7	1.1	.623	0.7	3.1	3.8	3.2	0.9	0.8	0.8	1.3	5.8
230	Ersan Ilyasova	PF	31	MIL	39	3	17.3	2.3	5.4	.424	0.8	2.3	.341	1.5	3.1	.484	.495	0.7	0.8	.875	1.2	3.1	4.4	0.9	0.6	0.2	0.8	2.3	6.1
231	Joe Ingles	SF	31	UTA	54	54	31.2	4.2	9.8	.431	2.0	5.6	.362	2.2	4.2	.524	.535	1.2	1.7	.720	0.3	3.5	3.8	4.9	1.4	0.2	2.2	2.4	11.8
232	Brandon Ingram	SF	21	LAL	42	42	33.4	6.7	13.7	.487	0.5	1.7	.292	6.2	12.0	.515	.505	3.4	5.2	.650	0.8	4.1	4.9	3.0	0.6	0.6	2.5	2.7	17.2
233	Kyrie Irving	PG	26	BOS	44	44	32.7	9.0	18.1	.497	2.6	6.3	.412	6.4	11.8	.544	.570	3.0	3.5	.853	1.2	3.7	4.9	6.9	1.7	0.5	2.7	2.3	23.6
234	Jonathan Isaac	PF	21	ORL	47	36	25.7	3.0	7.3	.408	0.8	2.8	.273	2.2	4.4	.493	.460	1.6	1.9	.843	1.2	4.1	5.3	1.1	0.8	1.2	1.1	2.0	8.3
235	Wesley Iwundu	SF	24	ORL	39	12	16.8	1.6	4.1	.396	0.3	1.0	.325	1.3	3.1	.420	.437	1.2	1.5	.810	0.4	1.8	2.3	0.8	0.4	0.3	0.6	1.8	4.8
236	Demetrius Jackson	PG	24	PHI	6	0	6.5	1.3	2.5	.533	0.3	1.0	.333	1.0	1.5	.667	.600	0.7	0.7	1.000	0.3	0.2	0.5	0.8	0.3	0.0	0.2	0.7	3.7
237	Frank Jackson	PG	20	NOP	38	3	14.7	2.3	5.2	.449	0.7	2.0	.325	1.7	3.2	.529	.513	0.8	1.0	.784	0.2	1.3	1.5	0.9	0.3	0.0	0.6	1.4	6.1
238	Jaren Jackson	PF	19	MEM	52	50	25.8	5.1	9.9	.512	0.8	2.3	.331	4.3	7.6	.567	.550	2.5	3.2	.782	1.2	3.4	4.7	1.1	0.9	1.5	1.7	3.8	13.4
239	Josh Jackson	SG	21	PHO	54	17	23.5	4.0	9.7	.409	0.8	2.6	.297	3.2	7.1	.449	.448	1.7	2.6	.657	0.8	3.5	4.2	2.3	1.0	0.7	2.3	2.6	10.4
240	Justin Jackson	SF	23	SAC	51	3	21.1	2.5	5.7	.427	1.1	3.1	.348	1.4	2.6	.519	.520	0.8	1.0	.820	0.5	2.4	2.8	1.3	0.5	0.3	0.4	1.3	6.8
Rk	Player	Pos	Age	Tm	G	GS	MP	FG	FGA	FG%	3P	3PA	3P%	2P	2PA	2P%	eFG%	FT	FTA	FT%	ORB	DRB	TRB	AST	STL	BLK	TOV	PF	PS/G
241	Reggie Jackson	PG	28	DET	51	51	29.1	5.1	12.5	.406	2.0	5.7	.348	3.1	6.8	.454	.485	2.5	2.9	.867	0.6	2.2	2.9	4.3	0.7	0.1	1.7	2.9	14.6
242	LeBron James	PF	34	LAL	35	35	34.8	10.0	19.4	.515	2.0	5.6	.350	8.0	13.7	.582	.566	5.3	7.7	.683	0.9	7.5	8.5	7.2	1.3	0.7	3.4	1.5	27.2
243	Amile Jefferson	PF	25	ORL	1	0	4.0	0.0	1.0	.000	0.0	0.0		0.0	1.0	.000	.000	2.0	2.0	1.000	1.0	0.0	1.0	0.0	0.0	0.0	0.0	1.0	2.0
244	Jonas Jerebko	PF	31	GSW	48	6	18.7	2.5	5.3	.470	1.0	2.9	.362	1.4	2.4	.600	.569	1.0	1.2	.825	1.2	3.6	4.8	1.5	0.3	0.2	0.7	2.1	7.0
245	Alize Johnson	PF	22	IND	11	0	2.9	0.2	0.9	.200	0.1	0.2	.500	0.1	0.7	.125	.250	0.1	0.4	.250	0.1	0.6	0.7	0.0	0.0	0.1	0.0	0.3	0.5
246	Amir Johnson	C	31	PHI	37	2	9.6	1.5	2.8	.534	0.2	0.6	.375	1.2	2.1	.582	.578	0.6	0.8	.767	0.7	1.9	2.6	1.2	0.3	0.2	0.9	1.9	3.8
247	James Johnson	PF	31	MIA	35	33	20.8	2.9	7.1	.417	0.9	2.7	.340	2.0	4.4	.464	.482	0.8	1.0	.750	0.5	2.6	3.1	2.3	0.6	0.4	1.3	2.0	7.6
248	Stanley Johnson	SF	22	DET	46	7	19.8	2.7	7.3	.373	1.0	3.8	.264	1.7	3.5	.491	.442	0.8	1.0	.792	0.5	3.1	3.6	1.2	1.0	0.3	1.2	1.9	7.3
249	Tyler Johnson	PG	26	MIA	43	9	25.4	3.9	9.2	.429	1.7	4.7	.360	2.3	4.5	.500	.520	1.4	2.0	.693	0.4	2.3	2.8	2.6	0.9	0.5	1.4	1.7	11.0
250	Wesley Johnson	SF	31	NOP	26	13	14.5	1.3	3.4	.398	0.7	1.9	.380	0.6	1.5	.421	.506	0.2	0.3	.667	0.4	1.7	2.1	0.6	0.5	0.3	0.5	1.7	3.7
251	Nikola Jokic	C	23	DEN	51	51	31.4	7.6	15.0	.508	1.1	3.6	.308	6.5	11.4	.572	.546	3.8	4.5	.847	2.9	7.6	10.5	7.7	1.4	0.7	3.1	2.8	20.2
252	Damian Jones	C	23	GSW	24	22	17.1	2.2	3.1	.716	0.0	0.0		2.2	3.1	.716	.716	1.0	1.5	.649	1.3	1.8	3.1	1.2	0.5	1.0	0.7	2.6	5.4
253	Derrick Jones	SF	21	MIA	37	5	18.1	2.8	5.5	.512	0.5	1.4	.365	2.3	4.1	.563	.559	1.2	2.0	.616	1.8	2.6	4.4	0.5	0.8	0.7	0.7	1.9	7.4
254	Jalen Jones	SF	25	CLE	16	0	13.4	1.6	3.9	.419	0.6	1.8	.357	1.0	2.1	.471	.500	1.2	1.7	.704	0.7	1.4	2.1	0.4	0.6	0.1	0.5	1.7	5.1
255	Tyus Jones	PG	22	MIN	43	6	20.3	2.1	5.5	.380	0.5	1.7	.297	1.6	3.8	.417	.426	0.7	0.9	.842	0.3	1.4	1.7	4.0	1.3	0.1	0.6	0.9	5.4
256	DeAndre Jordan	C	30	DAL	50	50	31.1	4.2	6.5	.644	0.0	0.0		4.2	6.5	.644	.644	2.7	4.0	.682	3.2	10.5	13.7	2.0	0.7	1.1	2.2	2.5	11.0
257	Cory Joseph	PG	27	IND	52	2	25.7	2.9	6.8	.429	0.8	2.3	.342	2.2	4.6	.473	.486	0.4	0.6	.700	0.4	3.1	3.5	3.9	1.2	0.2	1.2	1.6	7.0
258	Frank Kaminsky	C	25	CHO	24	0	11.3	2.0	4.0	.485	0.6	1.8	.349	1.3	2.3	.593	.562	0.9	1.5	.629	0.8	1.7	2.5	1.1	0.2	0.2	0.8	1.0	5.5
259	Enes Kanter	C	26	NYK	44	23	25.6	5.7	10.6	.536	0.2	0.5	.318	5.5	10.1	.547	.544	2.4	2.9	.814	3.9	6.6	10.5	1.9	0.4	0.4	1.8	2.4	14.0
260	Luke Kennard	SG	22	DET	33	9	20.2	3.1	7.4	.420	1.3	3.6	.358	1.8	3.7	.480	.508	0.6	0.8	.731	0.2	2.6	2.8	1.3	0.4	0.2	0.8	1.3	8.1
Rk	Player	Pos	Age	Tm	G	GS	MP	FG	FGA	FG%	3P	3PA	3P%	2P	2PA	2P%	eFG%	FT	FTA	FT%	ORB	DRB	TRB	AST	STL	BLK	TOV	PF	PS/G
261	Michael Kidd-Gilchrist	PF	25	CHO	45	1	19.8	2.9	6.0	.485	0.2	0.8	.286	2.7	5.2	.515	.504	1.8	2.4	.776	1.7	2.7	4.4	1.0	0.6	0.8	0.7	2.7	7.9
262	George King	SF	25	PHO	1	0	6.0	0.0	0.0		0.0	0.0		0.0	0.0			0.0	0.0		0.0	1.0	1.0	0.0	0.0	0.0	0.0	0.0	0.0
263	Maxi Kleber	PF	27	DAL	47	10	19.1	2.2	4.9	.444	1.0	2.9	.336	1.2	2.0	.600	.543	0.8	1.0	.796	1.2	2.9	4.0	0.7	0.5	1.2	0.6	1.8	6.2
264	Brandon Knight	PG	27	HOU	12	0	9.8	0.9	3.9	.234	0.4	2.7	.156	0.5	1.3	.400	.287	0.8	0.9	.818	0.1	0.7	0.8	0.8	0.2	0.0	0.4	1.2	3.0
265	Kevin Knox	PF	19	NYK	44	26	27.6	4.5	11.9	.374	1.6	4.8	.340	2.8	7.2	.397	.442	2.0	2.8	.699	0.8	3.4	4.2	0.9	0.6	0.3	1.3	2.4	12.5
266	Furkan Korkmaz	SG	21	PHI	42	6	14.2	2.0	5.1	.398	1.0	3.1	.336	1.0	2.0	.494	.500	0.7	0.9	.806	0.3	2.0	2.3	1.1	0.6	0.0	0.5	1.3	5.8
267	Luke Kornet	PF	23	NYK	24	10	15.3	2.4	5.5	.429	1.5	3.6	.425	0.8	1.9	.435	.568	0.8	1.0	.826	0.6	1.9	2.5	1.3	0.6	0.5	0.6	0.8	7.1
268	Kyle Korver	SG-PF	37	TOT	48	0	18.7	3.0	6.7	.447	2.0	4.7	.420	1.0	2.0	.510	.595	0.9	1.1	.830	0.1	2.0	2.2	1.0	0.3	0.2	0.9	1.5	8.9
268	Kyle Korver	PF	37	CLE	16	0	15.7	2.2	4.8	.461	1.6	3.4	.463	0.6	1.4	.455	.625	0.8	1.0	.813	0.0	1.8	1.8	1.1	0.2	0.1	1.1	1.4	6.8
268	Kyle Korver	SG	37	UTA	32	0	20.2	3.4	7.7	.443	2.2	5.4	.407	1.2	2.3	.527	.585	1.0	1.2	.838	0.2	2.2	2.3	1.0	0.3	0.2	0.8	1.6	10.0
269	Kosta Koufos	C	29	SAC	29	1	12.6	1.8	3.7	.495	0.0	0.0		1.8	3.7	.495	.495	0.2	0.5	.400	1.4	3.2	4.6	0.9	0.4	0.4	0.7	1.8	3.9
270	Rodions Kurucs	SF	20	BRK	37	25	21.0	3.5	7.5	.468	0.8	2.6	.296	2.7	4.9	.561	.520	1.4	1.5	.893	1.0	2.8	3.8	0.6	0.6	0.3	1.2	2.3	9.2
271	Kyle Kuzma	SF	23	LAL	49	47	32.8	7.1	15.3	.464	1.9	6.1	.306	5.2	9.2	.567	.525	2.7	3.5	.767	0.9	4.9	5.8	2.4	0.7	0.4	2.1	2.3	18.8
272	Skal Labissiere	PF	22	SAC	12	0	8.4	1.0	2.3	.444	0.3	0.8	.300	0.8	1.4	.529	.500	0.5	0.9	.545	0.2	1.5	1.7	0.4	0.2	0.2	0.5	1.7	2.8
273	Jeremy Lamb	SG	26	CHO	49	49	28.5	5.4	12.2	.441	1.3	4.0	.340	4.0	8.3	.489	.496	2.6	3.1	.860	0.8	4.8	5.6	2.0	1.0	0.3	1.0	1.9	14.8
274	Zach LaVine	SG	23	CHI	46	45	33.8	8.1	17.8	.454	1.7	5.0	.343	6.4	12.8	.497	.502	4.9	5.7	.866	0.5	3.9	4.4	4.2	1.0	0.4	3.4	2.3	22.8
275	Jake Layman	SF	24	POR	41	25	17.0	2.9	5.5	.520	0.9	2.5	.359	2.0	3.0	.653	.601	0.5	0.6	.731	0.8	2.0	2.8	0.6	0.4	0.3	0.6	1.2	7.1
276	T.J. Leaf	PF	21	IND	31	0	8.1	1.5	2.7	.536	0.1	0.6	.211	1.3	2.1	.631	.560	0.3	0.5	.571	0.5	1.3	1.8	0.5	0.1	0.2	0.3	0.7	3.3
277	Courtney Lee	SG	33	NYK	12	2	13.3	1.8	3.9	.447	0.4	1.3	.313	1.3	2.6	.516	.500	0.8	1.2	.643	0.5	1.8	2.3	1.3	0.7	0.2	0.4	1.1	4.7
278	Damion Lee	SG	26	GSW	17	0	11.9	1.8	3.7	.476	0.8	1.9	.424	0.9	1.8	.533	.587	0.6	0.8	.846	0.2	1.6	1.9	0.2	0.5	0.0	0.5	1.1	5.0
279	Alex Len	C	25	ATL	48	20	19.7	4.0	8.3	.484	0.5	1.8	.279	3.5	6.5	.540	.514	1.9	2.8	.674	2.2	3.6	5.8	1.0	0.4	1.0	1.5	2.6	10.4
280	Kawhi Leonard	SF	27	TOR	39	39	35.1	9.6	19.3	.499	1.8	4.9	.368	7.8	14.4	.544	.546	6.6	7.7	.856	1.4	6.6	7.9	3.2	1.9	0.5	2.1	1.5	27.6
Rk	Player	Pos	Age	Tm	G	GS	MP	FG	FGA	FG%	3P	3PA	3P%	2P	2PA	2P%	eFG%	FT	FTA	FT%	ORB	DRB	TRB	AST	STL	BLK	TOV	PF	PS/G
281	Meyers Leonard	C	26	POR	48	1	14.6	2.3	4.1	.545	0.9	1.9	.467	1.4	2.2	.613	.654	0.7	0.8	.875	0.8	3.2	4.0	1.3	0.3	0.2	0.7	1.7	6.1
282	Jon Leuer	PF	29	DET	31	1	11.1	1.9	3.2	.606	0.0	0.3	.000	1.9	2.9	.667	.606	0.7	0.9	.759	0.7	2.0	2.7	0.4	0.4	0.1	0.7	1.6	4.6
283	Caris LeVert	SF	24	BRK	14	14	29.7	6.9	14.6	.475	1.4	4.4	.311	5.6	10.2	.545	.522	3.1	4.4	.721	1.0	3.3	4.3	3.7	1.2	0.4	2.1	2.4	18.4
284	Damian Lillard	PG	28	POR	51	51	35.3	8.7	19.3	.450	2.8	7.6	.372	5.8	11.7	.501	.523	6.2	6.8	.908	0.8	3.8	4.6	6.3	1.1	0.5	2.8	1.8	26.4
285	Jeremy Lin	PG	30	ATL	47	1	19.6	3.5	7.5	.469	0.9	2.6	.339	2.6	4.9	.537	.527	2.9	3.4	.839	0.3	2.0	2.3	3.6	0.7	0.1	2.0	1.8	10.8
286	Shaun Livingston	PG	33	GSW	41	0	15.4	1.9	3.8	.484	0.0	0.0	.000	1.9	3.8	.490	.484	0.9	1.0	.814	0.7	1.3	2.0	2.0	0.5	0.5	0.6	1.2	4.6
287	Zach Lofton	SG	26	DET	1	0	4.0	0.0	1.0	.000	0.0	1.0	.000	0.0	0.0		.000	0.0	0.0		0.0	0.0	0.0	0.0	1.0	0.0	1.0	0.0	0.0
288	Kevon Looney	C	22	GSW	52	22	21.0	3.0	4.8	.623	0.0	0.2	.100	2.9	4.6	.646	.626	0.9	1.5	.623	2.6	3.3	6.0	1.8	0.6	0.9	0.7	2.8	6.9
289	Brook Lopez	C	30	MIL	51	51	28.0	4.4	9.5	.460	2.5	6.5	.387	1.8	3.0	.618	.593	1.0	1.3	.803	0.4	3.7	4.1	1.0	0.5	2.1	1.0	2.2	12.3
290	Robin Lopez	C	30	CHI	45	7	16.9	2.7	5.1	.524	0.1	0.4	.278	2.6	4.7	.545	.535	0.7	1.0	.674	1.4	1.6	2.9	0.9	0.2	0.9	1.3	1.6	6.1
291	Kevin Love	PF	30	CLE	4	4	34.0	5.3	16.3	.323	1.8	6.0	.292	3.5	10.3	.341	.377	6.8	8.3	.818	2.5	11.0	13.5	3.5	0.3	0.3	2.5	3.5	19.0
292	Kyle Lowry	PG	32	TOR	42	42	34.3	4.7	11.4	.409	2.1	6.7	.319	2.5	4.7	.538	.503	2.6	3.1	.846	0.6	3.9	4.5	9.2	1.4	0.5	2.8	2.5	14.1
293	Jordan Loyd	PG	25	TOR	5	0	4.8	0.6	1.0	.600	0.4	0.4	1.000	0.2	0.6	.333	.800	0.8	0.8	1.000	0.2	1.2	1.4	0.4	0.0	0.0	0.4	0.4	2.4
294	Kalin Lucas	PG	29	DET	1	0	6.0	0.0	1.0	.000	0.0	1.0	.000	0.0	0.0		.000	2.0	2.0	1.000	0.0	3.0	3.0	1.0	0.0	0.0	0.0	1.0	2.0
295	Timothe Luwawu-Cabarrot	SF	23	OKC	21	1	5.9	0.6	2.0	.302	0.2	1.0	.227	0.4	1.0	.381	.360	0.2	0.3	.667	0.2	0.7	0.9	0.2	0.2	0.0	0.2	0.7	1.7
296	Tyler Lydon	PF	22	DEN	20	0	4.0	0.4	0.8	.500	0.2	0.5	.400	0.2	0.3	.667	.625	0.1	0.2	.333	0.3	0.5	0.7	0.2	0.1	0.0	0.2	0.5	1.1
297	Trey Lyles	PF	23	DEN	50	1	18.7	3.5	8.3	.419	0.8	3.2	.255	2.7	5.1	.524	.469	1.3	1.9	.691	0.8	3.4	4.2	1.4	0.5	0.4	1.1	1.6	9.1
298	Shelvin Mack	PG	28	MEM	51	3	22.8	3.1	7.4	.424	0.9	2.4	.369	2.2	5.0	.451	.484	1.0	1.5	.707	0.4	1.6	2.0	3.5	0.8	0.1	1.2	1.5	8.2
299	Daryl Macon	SG	23	DAL	3	0	1.7	0.3	0.3	1.000	0.0	0.0		0.3	0.3	1.000	1.000	0.0	0.0		0.0	0.0	0.0	0.0	0.3	0.0	0.3	0.0	0.7
300	J.P. Macura	SG	23	CHO	1	0	14.0	2.0	8.0	.250	0.0	4.0	.000	2.0	4.0	.500	.250	0.0	0.0		0.0	2.0	2.0	2.0	0.0	0.0	0.0	0.0	4.0
Rk	Player	Pos	Age	Tm	G	GS	MP	FG	FGA	FG%	3P	3PA	3P%	2P	2PA	2P%	eFG%	FT	FTA	FT%	ORB	DRB	TRB	AST	STL	BLK	TOV	PF	PS/G
301	Ian Mahinmi	C	32	WAS	30	6	14.5	1.3	2.7	.488	0.0	0.4	.083	1.3	2.3	.559	.494	1.3	2.0	.678	1.3	2.2	3.5	0.8	0.8	0.5	0.6	2.5	4.0
302	Thon Maker	C	21	MIL	35	0	11.7	1.7	3.8	.440	0.7	2.2	.333	0.9	1.6	.589	.537	0.6	1.1	.541	0.5	2.3	2.7	0.5	0.3	0.5	0.3	1.6	4.7
303	Boban Marjanovic	C	30	LAC	34	9	10.6	2.4	3.9	.612	0.0	0.1	.000	2.4	3.9	.621	.612	2.0	2.6	.756	1.5	2.7	4.2	0.6	0.3	0.5	1.0	1.6	6.8
304	Lauri Markkanen	PF	21	CHI	30	29	31.6	6.3	14.6	.430	2.5	6.5	.381	3.8	8.1	.469	.515	2.5	2.9	.862	1.1	6.9	8.0	1.0	0.8	0.8	1.6	2.2	17.5
305	Jarell Martin	PF	24	ORL	28	1	8.4	1.1	2.5	.423	0.4	1.1	.333	0.7	1.5	.488	.493	0.3	0.3	.875	0.3	1.4	1.6	0.5	0.1	0.3	0.4	1.1	2.8
306	Frank Mason	PG	24	SAC	33	0	11.6	1.7	4.1	.404	0.3	1.4	.196	1.4	2.7	.511	.438	1.0	1.5	.688	0.1	1.0	1.1	2.5	0.5	0.1	0.9	0.8	4.6
307	Wesley Matthews	SF	32	DAL	44	44	29.8	4.4	10.7	.414	2.3	6.0	.380	2.1	4.7	.456	.520	2.0	2.5	.791	0.5	1.9	2.3	2.3	0.8	0.3	1.3	2.3	13.1
308	Luc Mbah a Moute	PF	32	LAC	4	0	15.3	2.0	4.5	.444	0.5	1.5	.333	1.5	3.0	.500	.500	0.5	1.3	.400	0.5	1.3	1.8	0.5	0.3	0.3	0.5	2.0	5.0
309	Patrick McCaw	SG	23	TOT	9	0	11.2	0.3	1.8	.188	0.1	0.9	.125	0.2	0.9	.250	.219	0.2	0.2	1.000	0.3	1.3	1.7	0.8	0.6	0.0	0.9	0.9	1.0
309	Patrick McCaw	SG	23	CLE	3	0	17.7	0.7	3.0	.222	0.3	1.3	.250	0.3	1.7	.200	.278	0.0	0.0		0.0	1.0	1.0	0.7	0.7	0.0	1.0	0.3	1.7
309	Patrick McCaw	SG	23	TOR	6	0	8.0	0.2	1.2	.143	0.0	0.7	.000	0.2	0.5	.333	.143	0.3	0.3	1.000	0.5	1.5	2.0	0.8	0.5	0.0	0.8	1.2	0.7
310	CJ McCollum	SG	27	POR	51	51	34.0	8.3	17.8	.463	2.1	6.0	.359	6.1	11.9	.515	.523	2.4	2.8	.828	0.9	3.0	3.9	2.7	0.8	0.4	1.6	2.4	21.0
311	T.J. McConnell	PG	26	PHI	47	1	21.1	3.0	5.5	.541	0.2	0.7	.313	2.8	4.8	.573	.560	0.4	0.6	.769	0.4	1.9	2.3	3.9	1.2	0.3	1.3	1.7	6.6
312	Doug McDermott	SF	27	IND	51	0	17.5	2.4	5.1	.464	1.1	2.9	.388	1.3	2.2	.561	.573	0.9	1.0	.865	0.2	1.1	1.3	0.8	0.2	0.1	0.5	1.4	6.7
313	JaVale McGee	C	31	LAL	46	37	21.7	4.8	8.0	.593	0.0	0.2	.125	4.7	7.8	.604	.595	1.3	2.0	.644	2.4	4.4	6.8	0.8	0.6	2.1	1.5	2.5	10.8
314	Rodney McGruder	SG	27	MIA	47	44	25.7	3.3	8.0	.407	1.4	3.8	.365	1.9	4.2	.444	.493	0.8	1.0	.755	0.9	2.7	3.6	2.1	0.6	0.2	1.2	2.1	8.7
315	Alfonzo McKinnie	SF	26	GSW	43	1	14.7	2.1	4.4	.481	0.7	1.8	.354	1.5	2.6	.573	.556	0.3	0.7	.517	1.3	2.4	3.7	0.4	0.2	0.2	0.5	1.9	5.2
316	Ben McLemore	SG	25	SAC	19	0	8.3	1.3	3.4	.391	0.9	2.2	.415	0.4	1.2	.348	.523	0.4	0.6	.667	0.2	0.7	0.9	0.2	0.3	0.2	0.3	1.2	3.9
317	Jordan McRae	SG	27	WAS	13	0	6.8	1.2	2.6	.441	0.4	0.7	.556	0.8	1.9	.400	.515	0.4	0.7	.556	0.2	0.7	0.9	0.4	0.3	0.1	0.2	0.2	3.1
318	Salah Mejri	C	32	DAL	16	1	6.8	0.9	1.8	.536	0.0	0.1	.000	0.9	1.6	.577	.536	0.4	0.5	.875	0.8	1.6	2.4	0.4	0.1	0.2	0.3	1.0	2.3
319	De'Anthony Melton	PG	20	PHO	33	25	20.5	2.2	5.8	.368	0.7	2.3	.312	1.4	3.5	.405	.430	0.5	0.5	.833	0.5	2.1	2.6	3.3	1.5	0.5	1.7	2.6	5.5
320	Chimezie Metu	PF	21	SAS	22	0	5.2	0.7	2.1	.340	0.0	0.1	.000	0.7	2.0	.356	.340	0.6	0.8	.765	0.4	0.9	1.2	0.5	0.2	0.1	0.5	0.5	2.0
Rk	Player	Pos	Age	Tm	G	GS	MP	FG	FGA	FG%	3P	3PA	3P%	2P	2PA	2P%	eFG%	FT	FTA	FT%	ORB	DRB	TRB	AST	STL	BLK	TOV	PF	PS/G
321	Khris Middleton	SF	27	MIL	49	49	31.2	6.2	14.0	.443	2.4	6.2	.383	3.8	7.8	.490	.527	2.6	3.1	.843	0.5	5.3	5.8	4.2	1.1	0.1	2.3	2.3	17.4
322	C.J. Miles	SF	31	TOR	38	1	14.2	1.7	5.3	.330	1.1	3.5	.303	0.7	1.8	.382	.430	0.8	1.1	.775	0.3	1.4	1.7	0.6	0.4	0.2	0.5	1.5	5.3
323	Darius Miller	SF	28	NOP	48	10	25.0	2.6	6.5	.397	1.9	5.0	.377	0.7	1.5	.466	.542	0.7	0.8	.850	0.1	1.6	1.8	1.7	0.7	0.4	0.8	2.4	7.8
324	Patty Mills	PG	30	SAS	54	0	23.7	3.3	7.7	.433	1.8	4.5	.402	1.5	3.2	.477	.550	1.2	1.4	.857	0.3	2.1	2.4	3.0	0.7	0.2	1.2	1.5	9.7
325	Paul Millsap	PF	33	DEN	44	40	25.7	4.4	9.0	.485	0.7	1.9	.353	3.7	7.1	.521	.523	2.5	3.5	.723	2.0	4.5	6.5	1.9	1.2	0.8	1.3	2.5	12.0
326	Shake Milton	SG	22	PHI	13	0	9.7	1.5	3.5	.435	0.8	1.9	.400	0.8	1.6	.476	.543	0.3	0.4	.800	0.5	1.0	1.5	1.0	0.3	0.2	0.2	1.1	4.2
327	Nikola Mirotic	PF	27	NOP	32	22	28.9	5.7	12.7	.447	2.7	7.2	.368	3.0	5.5	.551	.552	2.7	3.2	.842	1.4	6.8	8.3	1.1	0.7	0.8	1.2	2.7	16.7
328	Donovan Mitchell	SG	22	UTA	50	50	33.2	8.2	19.4	.421	2.2	6.7	.324	6.0	12.6	.473	.478	3.9	4.9	.796	0.7	3.2	3.8	4.0	1.5	0.4	2.8	2.7	22.4
329	Naz Mitrou-Long	SG	25	UTA	10	0	3.9	0.2	0.8	.250	0.1	0.6	.167	0.1	0.2	.500	.313	0.0	0.0		0.0	0.2	0.2	0.4	0.0	0.0	0.3	0.5	0.5
330	Malik Monk	SG	20	CHO	49	0	18.8	3.7	9.1	.401	1.7	4.9	.346	2.0	4.2	.466	.494	1.6	1.7	.905	0.2	1.6	1.8	1.9	0.6	0.3	1.3	1.4	10.6
331	Greg Monroe	C	28	TOR	36	2	10.7	1.8	4.0	.455	0.0	0.1	.000	1.8	3.9	.468	.455	0.9	1.6	.561	1.5	2.4	3.9	0.4	0.3	0.2	0.8	1.5	4.6
332	E'Twaun Moore	SF	29	NOP	44	35	29.4	5.0	10.4	.483	1.4	3.3	.417	3.7	7.1	.513	.548	0.9	1.1	.760	0.8	1.8	2.5	2.0	0.8	0.2	1.1	2.3	12.3
333	Eric Moreland	PF	27	PHO	1	0	5.0	0.0	0.0		0.0	0.0		0.0	0.0			0.0	0.0		0.0	3.0	3.0	0.0	0.0	0.0	0.0	1.0	0.0
334	Jaylen Morris	SG	23	MIL	4	0	7.3	1.0	2.5	.400	0.3	0.8	.333	0.8	1.8	.429	.450	0.3	0.5	.500	0.0	1.3	1.3	1.0	0.5	0.0	0.3	0.3	2.5
335	Marcus Morris	PF	29	BOS	48	31	27.4	5.3	11.1	.477	2.2	5.2	.419	3.1	5.9	.528	.575	2.0	2.3	.870	0.9	5.2	6.1	1.4	0.6	0.3	1.3	2.5	14.7
336	Markieff Morris	PF	29	WAS	34	15	26.0	4.2	9.6	.436	1.4	4.2	.333	2.8	5.4	.516	.509	1.7	2.1	.781	1.2	3.9	5.1	1.8	0.7	0.6	1.4	3.4	11.5
337	Monte Morris	PG	23	DEN	52	4	24.9	4.3	8.7	.489	1.2	2.8	.444	3.0	6.0	.510	.559	0.7	0.9	.792	0.4	2.2	2.7	3.9	0.9	0.0	0.7	1.2	10.5
338	Johnathan Motley	PF	23	LAC	12	0	6.9	1.8	3.7	.500	0.0	0.2	.000	1.8	3.5	.524	.500	1.2	1.9	.609	1.1	1.1	2.2	0.4	0.2	0.1	0.8	1.1	4.8
339	Emmanuel Mudiay	PG	22	NYK	39	32	26.6	5.6	12.4	.453	1.1	3.4	.308	4.6	9.0	.509	.496	2.4	3.2	.760	0.6	2.4	3.1	3.9	0.8	0.3	2.1	1.8	14.7
340	Jamal Murray	PG	21	DEN	47	46	33.5	7.0	16.1	.432	1.9	5.3	.365	5.0	10.9	.465	.492	2.6	3.1	.836	1.0	3.4	4.4	4.9	0.8	0.4	2.4	2.1	18.5
Rk	Player	Pos	Age	Tm	G	GS	MP	FG	FGA	FG%	3P	3PA	3P%	2P	2PA	2P%	eFG%	FT	FTA	FT%	ORB	DRB	TRB	AST	STL	BLK	TOV	PF	PS/G
341	Dzanan Musa	SG	19	BRK	7	0	3.7	0.9	2.0	.429	0.0	0.9	.000	0.9	1.1	.750	.429	0.0	0.3	.000	0.1	0.3	0.4	0.1	0.3	0.0	0.4	0.1	1.7
342	Mike Muscala	PF	27	PHI	46	5	21.9	2.3	6.0	.393	1.5	4.3	.345	0.9	1.7	.513	.516	1.2	1.5	.814	1.1	3.2	4.3	1.3	0.4	0.6	0.9	2.4	7.4
343	Sviatoslav Mykhailiuk	SF	21	LAL	38	0	10.7	1.1	3.4	.333	0.7	2.2	.321	0.4	1.2	.356	.438	0.2	0.4	.563	0.2	0.6	0.8	0.8	0.3	0.0	0.5	0.7	3.2
344	Abdel Nader	SF	25	OKC	33	1	9.7	1.5	3.3	.463	0.5	1.2	.366	1.1	2.0	.522	.532	0.4	0.5	.800	0.2	1.6	1.8	0.3	0.2	0.1	0.4	1.1	3.8
345	Larry Nance	C	26	CLE	43	17	25.3	3.5	6.6	.527	0.3	1.0	.317	3.2	5.6	.562	.549	1.5	2.1	.711	2.2	5.4	7.6	3.0	1.4	0.7	1.3	2.8	8.7
346	Shabazz Napier	PG	27	BRK	42	1	17.7	3.1	7.9	.396	1.4	3.9	.368	1.7	4.0	.423	.486	2.2	2.7	.825	0.3	1.5	1.8	2.3	0.8	0.3	1.2	1.2	9.9
347	Raul Neto	PG	26	UTA	19	1	12.0	1.9	3.7	.514	0.5	1.4	.333	1.4	2.3	.628	.579	0.7	0.7	.929	0.1	1.4	1.5	2.0	0.4	0.0	0.9	1.1	4.9
348	Georges Niang	PF	25	UTA	40	0	7.6	1.1	2.6	.431	0.7	1.8	.400	0.4	0.8	.500	.569	0.2	0.3	.818	0.2	1.2	1.3	0.5	0.2	0.1	0.3	0.9	3.1
349	Joakim Noah	C	33	MEM	25	0	13.2	1.8	3.7	.478	0.0	0.0		1.8	3.7	.478	.478	1.0	1.6	.634	1.2	3.3	4.5	1.3	0.4	0.6	1.1	1.7	4.6
350	Nerlens Noel	C	24	OKC	47	2	14.4	2.2	3.7	.580	0.0	0.0		2.2	3.7	.580	.580	0.7	1.0	.729	1.7	2.9	4.6	0.5	1.0	1.4	0.6	2.3	5.1
351	Dirk Nowitzki	PF	40	DAL	21	0	10.2	1.5	4.3	.344	0.8	2.7	.298	0.7	1.6	.424	.439	0.4	0.5	.818	0.0	1.8	1.8	0.3	0.0	0.3	0.2	1.3	4.2
352	Frank Ntilikina	PG	20	NYK	41	16	21.3	2.3	6.7	.342	0.8	2.7	.291	1.5	4.0	.376	.400	0.5	0.7	.750	0.2	1.8	2.0	2.8	0.7	0.3	1.3	2.4	5.9
353	James Nunnally	SF	28	TOT	15	0	6.8	0.8	2.3	.353	0.5	1.7	.320	0.3	0.6	.444	.471	0.3	0.3	1.000	0.0	0.3	0.3	0.5	0.1	0.0	0.1	0.7	2.4
353	James Nunnally	SF	28	MIN	13	0	4.9	0.7	1.6	.429	0.4	1.0	.385	0.3	0.6	.500	.548	0.3	0.3	1.000	0.0	0.3	0.3	0.4	0.1	0.0	0.1	0.3	2.1
353	James Nunnally	SF	28	HOU	2	0	19.0	1.5	6.5	.231	1.5	6.0	.250	0.0	0.5	.000	.346	0.0	0.0		0.0	0.5	0.5	1.0	0.0	0.0	0.0	3.0	4.5
354	Jusuf Nurkic	C	24	POR	51	51	27.4	5.7	11.3	.501	0.1	0.5	.120	5.6	10.8	.518	.503	3.8	5.0	.753	3.4	7.0	10.4	3.2	1.1	1.6	2.3	3.3	15.2
355	David Nwaba	SG	26	CLE	22	6	16.4	2.1	4.8	.448	0.4	1.6	.257	1.7	3.2	.543	.490	1.5	2.5	.630	0.5	2.3	2.8	0.7	0.6	0.3	0.4	1.7	6.2
356	Royce O'Neale	SF	25	UTA	54	9	18.3	1.8	3.9	.462	0.7	1.8	.389	1.1	2.1	.522	.550	0.4	0.6	.727	0.3	3.0	3.3	1.3	0.7	0.3	0.9	1.9	4.7
357	Kyle O'Quinn	C	28	IND	28	0	7.1	1.3	2.6	.473	0.0	0.4	.100	1.2	2.3	.531	.480	0.3	0.4	.900	0.6	1.8	2.4	1.1	0.1	0.5	0.6	1.3	2.9
358	Semi Ojeleye	PF	24	BOS	38	2	10.3	1.2	2.9	.420	0.5	1.7	.292	0.7	1.2	.596	.504	0.4	0.5	.700	0.4	1.1	1.6	0.3	0.2	0.1	0.3	0.7	3.3
359	Jahlil Okafor	C	23	NOP	34	10	13.5	3.1	5.3	.587	0.0	0.0	.000	3.1	5.2	.590	.587	1.0	1.4	.723	1.5	2.9	4.4	0.5	0.2	0.7	0.7	1.8	7.2
360	Elie Okobo	PG	21	PHO	36	8	18.6	2.3	5.9	.390	0.8	2.6	.301	1.5	3.3	.458	.455	0.7	0.8	.833	0.2	1.8	2.0	2.6	0.6	0.1	1.3	2.3	6.1
Rk	Player	Pos	Age	Tm	G	GS	MP	FG	FGA	FG%	3P	3PA	3P%	2P	2PA	2P%	eFG%	FT	FTA	FT%	ORB	DRB	TRB	AST	STL	BLK	TOV	PF	PS/G
361	Josh Okogie	SG	20	MIN	44	22	22.0	2.4	6.7	.355	0.8	3.0	.250	1.6	3.7	.439	.410	1.7	2.3	.747	0.5	2.4	2.9	1.2	0.9	0.4	0.9	2.3	7.2
362	Victor Oladipo	SG	26	IND	36	36	31.9	6.9	16.3	.423	2.1	6.0	.343	4.9	10.3	.470	.486	2.9	3.9	.730	0.6	5.0	5.6	5.2	1.7	0.3	2.3	2.0	18.8
363	Kelly Olynyk	PF	27	MIA	48	5	20.2	3.0	6.5	.457	1.4	4.1	.342	1.5	2.3	.661	.566	1.8	2.3	.777	0.9	3.5	4.4	1.6	0.6	0.3	1.4	2.2	9.1
364	Cedi Osman	SF	23	CLE	51	50	31.5	4.6	10.8	.424	1.5	4.7	.324	3.1	6.1	.502	.495	1.9	2.5	.758	0.6	4.1	4.6	2.3	0.8	0.2	1.7	2.6	12.6
365	Kelly Oubre	SF	23	TOT	52	7	26.7	4.8	11.2	.428	1.5	4.8	.316	3.3	6.4	.512	.496	2.5	3.2	.787	0.9	3.5	4.4	1.0	1.0	0.9	1.3	2.6	13.6
365	Kelly Oubre	SF	23	WAS	29	7	26.0	4.6	10.5	.433	1.4	4.6	.311	3.1	6.0	.526	.500	2.3	2.9	.800	0.8	3.6	4.4	0.7	0.9	0.7	1.0	2.4	12.9
365	Kelly Oubre	SF	23	PHO	23	0	27.4	5.1	12.0	.422	1.7	5.1	.322	3.4	6.9	.497	.491	2.7	3.4	.772	1.0	3.4	4.4	1.4	1.0	1.1	1.6	2.8	14.5
366	Zaza Pachulia	C	34	DET	41	3	14.9	1.4	3.3	.437	0.0	0.1	.000	1.4	3.2	.450	.437	1.7	2.2	.769	1.9	2.8	4.8	1.5	0.7	0.3	0.9	2.4	4.6
367	Jabari Parker	PF	23	CHI	39	17	26.7	5.6	11.9	.474	0.9	2.9	.325	4.7	9.0	.523	.514	2.0	2.8	.731	1.1	5.1	6.2	2.2	0.6	0.4	2.2	2.2	14.3
368	Tony Parker	PG	36	CHO	45	0	18.4	3.8	8.4	.458	0.2	0.9	.231	3.6	7.5	.484	.470	1.8	2.5	.730	0.2	1.2	1.5	3.9	0.4	0.1	1.3	1.0	9.7
369	Chandler Parsons	SF	30	MEM	3	3	15.3	2.3	5.7	.412	1.0	3.3	.300	1.3	2.3	.571	.500	0.0	0.0		0.3	1.0	1.3	0.7	0.3	0.3	0.7	2.3	5.7
370	Patrick Patterson	PF	29	OKC	51	3	14.6	1.5	3.8	.379	0.8	2.4	.341	0.6	1.4	.444	.487	0.4	0.6	.621	0.7	1.7	2.4	0.5	0.3	0.2	0.4	0.7	4.1
371	Chris Paul	PG	33	HOU	29	29	32.5	5.3	12.4	.425	2.0	5.8	.353	3.2	6.7	.487	.507	2.8	3.5	.812	0.6	3.4	4.0	7.9	2.0	0.3	2.9	2.5	15.4
372	Cameron Payne	PG	24	TOT	40	13	17.8	2.4	5.6	.430	0.6	2.1	.298	1.8	3.5	.511	.487	0.8	1.0	.805	0.3	1.5	1.8	2.7	0.7	0.2	1.1	1.6	6.3
372	Cameron Payne	PG	24	CHI	31	12	17.3	2.2	5.4	.411	0.5	1.9	.271	1.7	3.5	.486	.458	0.7	0.8	.880	0.3	1.4	1.7	2.7	0.6	0.2	1.1	1.6	5.7
372	Cameron Payne	PG	24	CLE	9	1	19.6	3.0	6.1	.491	1.0	2.8	.360	2.0	3.3	.600	.573	1.2	1.8	.688	0.3	1.8	2.1	2.6	0.9	0.3	1.2	1.7	8.2
373	Elfrid Payton	PG	24	NOP	19	19	26.9	3.9	9.0	.439	0.7	1.9	.351	3.3	7.1	.463	.477	1.2	1.6	.742	0.7	2.9	3.7	5.8	1.2	0.3	2.4	1.9	9.8
374	Gary Payton	PG	26	WAS	3	0	5.3	1.7	2.7	.625	0.3	0.7	.500	1.3	2.0	.667	.688	0.0	0.0		0.3	0.3	0.7	1.3	1.0	0.3	0.3	0.7	3.7
375	Theo Pinson	SG	23	BRK	10	0	13.5	1.6	4.3	.372	0.7	2.5	.280	0.9	1.8	.500	.453	1.0	1.0	1.000	0.2	1.9	2.1	1.5	0.4	0.0	1.2	0.8	4.9
376	Mason Plumlee	C	28	DEN	52	12	19.7	3.1	5.2	.600	0.0	0.1	.200	3.1	5.1	.608	.602	1.4	2.5	.538	2.0	3.8	5.8	2.6	0.9	0.9	1.5	3.1	7.6
377	Miles Plumlee	C	30	ATL	18	0	9.6	1.8	2.7	.667	0.0	0.0		1.8	2.7	.667	.667	0.9	1.7	.533	0.9	1.3	2.2	0.9	0.3	0.2	0.6	0.8	4.4
378	Jakob Poeltl	C	23	SAS	50	6	14.6	2.2	3.4	.635	0.0	0.0		2.2	3.4	.635	.635	0.7	1.3	.552	2.1	2.6	4.6	1.2	0.2	0.7	0.7	1.5	5.1
379	Quincy Pondexter	SF	30	SAS	39	0	5.6	0.5	1.1	.488	0.2	0.4	.375	0.4	0.7	.556	.558	0.7	0.9	.771	0.2	0.8	1.0	0.5	0.2	0.0	0.3	0.5	1.9
380	Otto Porter	SF	25	WAS	40	27	28.8	4.9	10.7	.459	1.6	4.3	.378	3.3	6.4	.514	.535	1.2	1.5	.793	1.0	4.6	5.6	2.0	1.6	0.5	1.0	1.9	12.6
Rk	Player	Pos	Age	Tm	G	GS	MP	FG	FGA	FG%	3P	3PA	3P%	2P	2PA	2P%	eFG%	FT	FTA	FT%	ORB	DRB	TRB	AST	STL	BLK	TOV	PF	PS/G
381	Bobby Portis	PF	23	CHI	22	6	24.1	5.5	12.3	.450	1.2	3.3	.375	4.3	9.0	.477	.500	1.8	2.3	.780	2.1	5.2	7.3	1.3	0.5	0.4	1.3	2.8	14.1
382	Dwight Powell	C	27	DAL	48	0	16.6	3.1	5.3	.580	0.3	1.4	.215	2.8	4.0	.705	.608	2.0	2.7	.738	1.3	2.8	4.1	1.0	0.5	0.6	0.8	2.5	8.5
383	Norman Powell	SG	25	TOR	31	2	18.6	3.0	6.1	.497	1.0	2.6	.400	2.0	3.5	.569	.582	0.9	1.2	.778	0.1	1.8	1.9	1.5	0.7	0.2	0.9	1.7	8.0
384	Alex Poythress	PF	25	ATL	18	1	13.5	1.9	3.6	.538	0.4	1.0	.389	1.6	2.6	.596	.592	0.6	1.2	.524	1.3	1.9	3.3	0.7	0.2	0.4	0.6	2.2	4.9
385	Zhou Qi	PF	23	HOU	1	0	1.0	1.0	1.0	1.000	0.0	0.0		1.0	1.0	1.000	1.000	0.0	0.0		0.0	0.0	0.0	0.0	0.0	0.0	0.0	0.0	2.0
386	Ivan Rabb	PF	21	MEM	23	0	8.4	1.6	2.7	.607	0.0	0.1	.000	1.6	2.6	.627	.607	0.7	1.0	.682	1.1	1.8	2.9	0.6	0.1	0.2	0.7	1.0	3.9
387	Chasson Randle	PG	25	WAS	22	0	15.4	2.0	4.4	.448	1.0	2.1	.447	1.0	2.2	.449	.557	1.0	1.5	.676	0.3	0.9	1.2	2.1	0.5	0.0	1.1	1.9	5.9
388	Julius Randle	C	24	NOP	47	27	29.6	7.3	13.4	.544	0.6	1.9	.318	6.7	11.6	.580	.566	4.7	6.4	.738	2.1	7.2	9.3	3.0	0.6	0.6	2.6	3.4	19.9
389	J.J. Redick	SG	34	PHI	50	37	31.1	6.2	13.8	.446	3.1	8.0	.384	3.1	5.9	.529	.556	2.9	3.3	.902	0.3	1.9	2.2	2.8	0.4	0.2	1.4	1.7	18.3
390	Davon Reed	SG	23	IND	6	0	2.5	0.2	0.5	.333	0.2	0.2	1.000	0.0	0.3	.000	.500	0.0	0.0		0.0	0.2	0.2	0.3	0.0	0.0	0.2	0.2	0.5
391	Josh Richardson	SG	25	MIA	49	49	34.6	5.9	14.7	.402	2.4	6.6	.371	3.5	8.2	.428	.485	3.0	3.5	.865	0.8	2.9	3.7	3.8	1.1	0.5	1.7	2.8	17.3
392	Malachi Richardson	SG	23	TOR	22	0	4.7	0.4	1.3	.310	0.4	1.1	.320	0.0	0.2	.250	.448	0.2	0.2	.800	0.1	0.5	0.6	0.0	0.0	0.0	0.4	0.6	1.4
393	Austin Rivers	SG-PG	26	TOT	49	15	28.4	3.2	8.1	.399	1.5	4.7	.319	1.7	3.4	.509	.491	0.8	1.4	.544	0.4	2.1	2.5	2.6	0.7	0.3	1.0	2.9	8.7
393	Austin Rivers	SG	26	WAS	29	2	23.6	2.6	6.7	.392	1.1	3.7	.311	1.5	3.0	.489	.477	0.9	1.6	.543	0.4	2.1	2.4	2.0	0.6	0.3	1.2	2.5	7.2
393	Austin Rivers	PG	26	HOU	20	13	35.4	4.1	10.1	.406	2.0	6.2	.325	2.1	4.0	.532	.505	0.6	1.1	.545	0.5	2.2	2.6	3.5	0.7	0.4	0.8	3.6	10.8
394	Devin Robinson	SF	23	WAS	4	0	8.0	2.0	3.3	.615	0.0	0.0		2.0	3.3	.615	.615	0.8	1.5	.500	0.5	1.3	1.8	0.5	0.8	0.3	0.0	0.5	4.8
395	Duncan Robinson	PF	24	MIA	4	0	7.3	0.5	1.5	.333	0.5	1.5	.333	0.0	0.0		.500	0.0	0.0		0.0	1.3	1.3	0.0	0.3	0.0	0.0	0.3	1.5
396	Glenn Robinson	SF	25	DET	31	17	13.7	1.4	3.8	.376	0.4	1.4	.286	1.0	2.4	.427	.427	0.9	1.1	.818	0.3	0.9	1.2	0.4	0.4	0.2	0.5	0.9	4.1
397	Jerome Robinson	SG	21	LAC	17	0	8.8	1.4	3.0	.471	0.7	1.8	.400	0.7	1.2	.571	.588	0.0	0.1	.000	0.2	0.8	1.0	0.2	0.1	0.1	0.1	1.3	3.5
398	Mitchell Robinson	C	20	NYK	36	12	17.2	2.3	3.4	.686	0.0	0.0		2.3	3.4	.686	.686	0.6	1.4	.469	2.1	1.9	4.1	0.6	0.7	2.0	0.5	3.1	5.3
399	Rajon Rondo	PG	32	LAL	19	7	27.9	3.8	8.8	.437	0.8	2.3	.372	3.0	6.5	.460	.485	0.5	0.9	.588	0.7	4.6	5.3	7.7	1.0	0.1	2.4	2.5	9.1
400	Derrick Rose	PG	30	MIN	39	13	28.7	7.1	14.9	.478	1.4	3.3	.411	5.8	11.6	.498	.524	2.7	3.2	.854	0.6	2.2	2.8	4.7	0.6	0.3	1.7	1.1	18.3
Rk	Player	Pos	Age	Tm	G	GS	MP	FG	FGA	FG%	3P	3PA	3P%	2P	2PA	2P%	eFG%	FT	FTA	FT%	ORB	DRB	TRB	AST	STL	BLK	TOV	PF	PS/G
401	Terrence Ross	SG	27	ORL	53	0	26.5	5.3	12.3	.431	2.3	6.2	.377	3.0	6.1	.486	.526	1.2	1.4	.840	0.4	2.9	3.3	1.5	0.9	0.4	1.0	1.6	14.1
402	Terry Rozier	PG	24	BOS	52	8	23.0	3.2	8.4	.379	1.5	4.2	.355	1.7	4.2	.404	.468	1.0	1.2	.810	0.5	3.6	4.1	3.1	0.9	0.3	0.9	1.2	8.8
403	Ricky Rubio	PG	28	UTA	47	46	28.7	4.5	11.1	.402	1.4	4.2	.325	3.1	6.9	.449	.464	2.6	3.0	.852	0.4	3.1	3.5	6.1	1.3	0.2	2.9	2.7	12.9
404	D'Angelo Russell	PG	22	BRK	53	53	29.7	7.7	17.5	.439	2.7	7.2	.374	5.0	10.2	.484	.516	1.7	2.0	.815	0.5	3.2	3.7	6.4	1.2	0.3	2.9	1.7	19.7
405	Domantas Sabonis	C	22	IND	50	5	24.9	5.6	9.3	.595	0.1	0.2	.636	5.4	9.1	.594	.603	2.9	4.0	.742	2.6	6.6	9.3	2.8	0.7	0.5	2.2	3.2	14.2
406	Brandon Sampson	SG	21	CHI	2	0	12.5	1.0	2.0	.500	0.5	1.5	.333	0.5	0.5	1.000	.625	0.0	0.0		0.0	1.5	1.5	0.5	0.0	0.0	0.0	1.5	2.5
407	Dario Saric	PF	24	TOT	51	14	24.6	3.4	8.2	.413	1.3	3.9	.337	2.1	4.3	.482	.493	1.5	1.7	.872	1.4	4.2	5.6	1.5	0.5	0.1	1.2	2.2	9.6
407	Dario Saric	PF	24	PHI	13	13	30.5	3.7	10.2	.364	1.6	5.4	.300	2.1	4.8	.435	.443	2.1	2.3	.900	1.6	5.0	6.6	2.0	0.3	0.2	1.9	3.0	11.1
407	Dario Saric	PF	24	MIN	38	1	22.6	3.3	7.6	.436	1.2	3.4	.357	2.1	4.2	.500	.516	1.3	1.5	.857	1.4	3.9	5.2	1.3	0.6	0.1	0.9	2.0	9.1
408	Tomas Satoransky	SG	27	WAS	52	26	23.9	2.9	5.8	.490	0.7	1.8	.418	2.1	4.1	.521	.553	1.3	1.6	.798	0.8	2.2	2.9	4.0	1.0	0.2	1.2	2.0	7.8
409	Dennis Schroder	PG	25	OKC	50	10	28.6	5.9	13.9	.423	1.5	4.2	.354	4.4	9.7	.453	.476	2.4	2.9	.832	0.4	3.0	3.4	4.3	0.9	0.2	2.4	2.2	15.6
410	Mike Scott	PF	30	LAC	50	0	14.0	1.8	4.4	.402	1.0	2.6	.383	0.8	1.8	.429	.514	0.2	0.4	.667	0.5	2.8	3.3	0.8	0.3	0.2	0.5	1.7	4.7
411	Thabo Sefolosha	SF	34	UTA	26	0	11.1	1.1	2.2	.500	0.5	1.1	.464	0.6	1.2	.533	.612	0.3	0.5	.571	0.2	2.7	2.8	0.4	0.9	0.0	0.6	0.9	3.0
412	Wayne Selden	SG	24	TOT	46	4	16.4	2.2	5.2	.420	0.7	2.0	.344	1.5	3.2	.469	.487	0.7	1.0	.733	0.4	1.1	1.5	1.3	0.3	0.2	0.9	1.6	5.8
412	Wayne Selden	SG	24	MEM	32	0	14.2	2.0	5.0	.404	0.6	2.0	.317	1.4	3.1	.459	.466	0.7	0.9	.759	0.5	0.9	1.4	1.1	0.3	0.2	0.7	1.5	5.4
412	Wayne Selden	SG	24	CHI	14	4	21.4	2.5	5.5	.455	0.9	2.1	.400	1.6	3.4	.489	.532	0.8	1.1	.688	0.3	1.6	1.9	1.8	0.4	0.1	1.3	1.7	6.6
413	Collin Sexton	PG	20	CLE	53	43	29.7	5.5	13.6	.403	0.9	2.4	.383	4.5	11.2	.408	.437	2.5	2.9	.850	0.7	2.3	3.0	2.8	0.5	0.1	2.2	2.4	14.3
414	Landry Shamet	SG	21	PHI	53	3	20.3	2.8	6.4	.445	1.8	4.5	.406	1.0	1.9	.540	.588	0.8	1.0	.815	0.3	1.2	1.5	1.1	0.5	0.2	0.5	1.9	8.4
415	Iman Shumpert	SG	28	SAC	41	39	26.0	3.1	8.3	.376	1.7	4.8	.360	1.4	3.5	.399	.481	0.8	1.0	.829	0.5	2.5	3.0	2.1	1.1	0.5	0.9	2.2	8.8
416	Pascal Siakam	PF	24	TOR	52	51	31.4	6.0	10.7	.562	0.7	2.2	.333	5.3	8.5	.621	.596	2.6	3.3	.797	1.6	5.3	6.9	2.9	1.0	0.7	1.8	3.1	15.4
417	Ben Simmons	PG	22	PHI	52	52	33.7	6.8	11.9	.575	0.0	0.0	.000	6.8	11.9	.576	.575	3.3	5.5	.587	2.3	7.2	9.4	8.1	1.3	0.8	3.4	2.5	16.9
418	Jonathon Simmons	SG	29	ORL	41	9	20.6	2.5	7.0	.364	0.5	2.0	.229	2.1	5.0	.419	.397	1.4	1.8	.778	0.6	1.9	2.4	2.3	0.4	0.3	1.4	1.7	6.9
419	Kobi Simmons	G	21	CLE	1	0	2.0	0.0	0.0		0.0	0.0		0.0	0.0			0.0	0.0		0.0	0.0	0.0	0.0	0.0	0.0	0.0	0.0	0.0
420	Anfernee Simons	SG	19	POR	10	0	5.7	0.7	2.4	.292	0.0	0.8	.000	0.7	1.6	.438	.292	0.1	0.4	.250	0.0	0.7	0.7	0.4	0.0	0.0	0.6	0.3	1.5
Rk	Player	Pos	Age	Tm	G	GS	MP	FG	FGA	FG%	3P	3PA	3P%	2P	2PA	2P%	eFG%	FT	FTA	FT%	ORB	DRB	TRB	AST	STL	BLK	TOV	PF	PS/G
421	Marcus Smart	SG	24	BOS	51	31	26.7	2.6	6.5	.403	1.5	4.1	.364	1.1	2.4	.471	.518	1.3	1.6	.786	0.6	2.1	2.8	4.0	1.7	0.4	1.4	2.5	8.0
422	Dennis Smith	PG	21	DAL	32	32	28.4	4.9	11.2	.440	1.3	3.9	.344	3.6	7.3	.491	.500	1.8	2.6	.695	0.6	2.5	3.0	4.3	1.3	0.3	3.1	2.6	12.9
423	Ish Smith	PG	30	DET	26	0	22.7	3.5	8.7	.404	1.1	3.2	.349	2.4	5.5	.437	.469	0.5	0.7	.667	0.0	1.7	1.7	2.8	0.4	0.3	1.0	2.2	8.6
424	J.R. Smith	SG	33	CLE	11	4	20.2	2.5	7.2	.342	1.1	3.5	.308	1.4	3.6	.375	.418	0.7	0.9	.800	0.0	1.6	1.6	1.9	1.0	0.3	1.0	1.7	6.7
425	Jason Smith	C-PF	32	TOT	18	1	9.4	1.1	2.8	.380	0.4	1.1	.368	0.7	1.7	.387	.450	0.7	0.8	.857	0.8	1.9	2.7	0.7	0.2	0.4	0.7	1.5	3.2
425	Jason Smith	C	32	WAS	12	1	10.8	1.3	3.1	.405	0.3	0.8	.400	0.9	2.3	.407	.459	0.8	1.0	.833	0.9	2.2	3.1	1.0	0.1	0.4	0.6	1.8	3.7
425	Jason Smith	PF	32	MIL	6	0	6.7	0.7	2.2	.308	0.5	1.5	.333	0.2	0.7	.250	.423	0.3	0.3	1.000	0.5	1.3	1.8	0.2	0.3	0.3	0.8	1.0	2.2
426	Tony Snell	SG	27	MIL	51	6	17.1	2.2	4.8	.462	1.2	2.9	.419	1.0	1.9	.525	.587	0.6	0.7	.892	0.4	1.7	2.1	0.9	0.4	0.2	0.4	1.1	6.3
427	Ray Spalding	PF	21	DAL	1	0	1.0	0.0	0.0		0.0	0.0		0.0	0.0			0.0	0.0		0.0	0.0	0.0	0.0	0.0	0.0	0.0	0.0	0.0
428	Omari Spellman	PF	21	ATL	35	10	16.9	2.0	5.1	.399	0.9	2.7	.344	1.1	2.4	.459	.489	0.7	1.0	.722	1.5	2.4	3.9	0.8	0.6	0.6	0.7	1.6	5.7
429	Nik Stauskas	SG	25	POR	44	0	15.3	2.2	5.2	.419	1.0	2.8	.344	1.2	2.4	.510	.513	0.7	0.8	.889	0.2	1.6	1.8	1.4	0.3	0.1	0.9	0.7	6.1
430	D.J. Stephens	SG	28	MEM	1	0	7.0	1.0	2.0	.500	0.0	0.0		1.0	2.0	.500	.500	0.0	0.0		0.0	0.0	0.0	0.0	1.0	0.0	1.0	0.0	2.0
431	Lance Stephenson	SG	28	LAL	52	0	16.0	2.9	6.4	.446	1.1	2.9	.393	1.7	3.5	.489	.534	0.7	1.0	.642	0.5	2.6	3.1	2.1	0.6	0.1	1.3	1.7	7.5
432	Edmond Sumner	PG	23	IND	13	2	8.1	0.6	2.5	.250	0.1	1.0	.077	0.5	1.5	.368	.266	0.2	0.5	.429	0.4	0.8	1.2	0.4	0.5	0.2	0.5	1.2	1.5
433	Caleb Swanigan	PF	21	POR	18	0	8.1	0.8	2.4	.318	0.1	0.3	.200	0.7	2.2	.333	.330	0.3	0.4	.857	0.7	2.2	2.9	0.4	0.2	0.0	0.9	1.2	1.9
434	Jayson Tatum	SF	20	BOS	52	52	30.9	6.0	13.4	.451	1.6	4.3	.376	4.4	9.1	.486	.511	2.5	2.9	.855	1.0	5.1	6.1	1.8	1.0	0.8	1.5	2.1	16.2
435	Jeff Teague	PG	30	MIN	31	31	30.3	3.8	9.5	.406	0.9	2.6	.341	2.9	6.8	.431	.454	2.9	3.6	.820	0.4	2.1	2.4	8.1	1.1	0.4	2.3	2.1	11.5
436	Garrett Temple	SG	32	MEM	49	49	31.2	3.4	7.9	.429	1.5	4.3	.352	1.9	3.6	.520	.525	1.2	1.6	.750	0.4	2.7	3.1	1.4	1.0	0.5	1.1	2.7	9.4
437	Milos Teodosic	PG	31	LAC	15	0	10.0	1.1	2.7	.425	0.7	1.8	.370	0.5	0.9	.538	.550	0.3	0.5	.571	0.2	0.9	1.1	2.1	0.2	0.1	1.4	1.8	3.2
438	Jared Terrell	SG	23	MIN	7	0	9.6	1.1	3.7	.308	0.6	1.6	.364	0.6	2.1	.267	.385	0.1	0.3	.500	0.1	0.3	0.4	1.0	0.4	0.1	1.0	1.1	3.0
439	Emanuel Terry	PF	22	PHO	2	0	10.0	2.0	3.0	.667	0.0	0.0		2.0	3.0	.667	.667	0.5	1.0	.500	1.0	2.0	3.0	0.5	1.5	0.0	1.0	2.0	4.5
440	Daniel Theis	C	26	BOS	38	2	14.9	2.4	4.4	.539	0.4	1.1	.390	1.9	3.3	.587	.587	1.1	1.5	.732	1.5	2.5	4.1	1.1	0.3	0.6	0.6	2.7	6.2
Rk	Player	Pos	Age	Tm	G	GS	MP	FG	FGA	FG%	3P	3PA	3P%	2P	2PA	2P%	eFG%	FT	FTA	FT%	ORB	DRB	TRB	AST	STL	BLK	TOV	PF	PS/G
441	Khyri Thomas	SG	22	DET	14	0	8.6	1.1	2.8	.385	0.6	1.6	.409	0.4	1.2	.353	.500	0.4	0.6	.667	0.1	0.7	0.9	0.3	0.3	0.3	0.2	0.8	3.2
442	Lance Thomas	PF	30	NYK	23	11	16.2	1.3	3.4	.385	0.3	1.3	.200	1.0	2.1	.500	.423	0.8	0.9	.857	0.5	2.0	2.5	0.5	0.7	0.3	0.6	1.9	3.7
443	Klay Thompson	SG	28	GSW	51	51	34.2	8.5	18.4	.465	2.9	7.5	.383	5.7	10.9	.522	.543	1.8	2.3	.810	0.4	3.6	4.0	2.0	1.2	0.6	1.6	2.2	21.8
444	Tristan Thompson	C	27	CLE	35	35	29.8	4.9	9.4	.526	0.0	0.0		4.9	9.4	.526	.526	1.6	2.4	.647	4.4	6.7	11.1	2.1	0.8	0.5	1.4	2.3	11.5
445	Sindarius Thornwell	SG	24	LAC	35	0	5.2	0.4	0.9	.406	0.1	0.3	.200	0.3	0.6	.500	.438	0.4	0.5	.684	0.1	0.7	0.8	0.3	0.1	0.1	0.4	0.8	1.2
446	Anthony Tolliver	PF	33	MIN	36	0	15.1	1.4	3.3	.417	1.1	2.9	.387	0.3	0.4	.643	.588	0.6	0.8	.750	0.3	1.9	2.2	0.6	0.3	0.3	0.5	1.4	4.5
447	Karl-Anthony Towns	C	23	MIN	52	52	33.2	8.3	16.5	.501	1.8	4.7	.376	6.5	11.8	.550	.554	4.5	5.4	.840	3.4	8.7	12.1	3.2	1.0	1.8	2.8	3.8	22.8
448	Gary Trent	SG	20	POR	7	0	4.7	0.7	2.4	.294	0.4	1.1	.375	0.3	1.3	.222	.382	0.1	0.6	.250	0.0	0.6	0.6	0.1	0.0	0.1	0.1	0.1	2.0
449	Allonzo Trier	SG	23	NYK	44	3	22.3	3.5	7.8	.450	0.6	1.7	.373	2.9	6.1	.472	.491	2.8	3.3	.840	0.5	2.4	3.0	2.0	0.5	0.3	1.8	1.6	10.4
450	P.J. Tucker	PF	33	HOU	52	52	35.4	2.8	6.9	.404	1.8	4.9	.369	1.0	2.0	.490	.535	0.6	0.9	.633	1.5	4.7	6.1	1.3	1.6	0.4	0.9	3.1	8.0
451	Evan Turner	PG	30	POR	51	2	24.1	3.2	6.9	.470	0.1	0.8	.167	3.1	6.1	.511	.480	1.1	1.5	.692	0.6	4.0	4.7	3.9	0.5	0.3	1.7	1.7	7.7
452	Myles Turner	C	22	IND	47	47	28.3	5.3	10.5	.506	0.8	2.2	.382	4.5	8.3	.538	.546	1.7	2.4	.711	1.4	5.7	7.1	1.7	0.6	2.6	1.4	2.5	13.1
453	Ekpe Udoh	C	31	UTA	33	0	5.6	0.8	1.2	.711	0.0	0.0		0.8	1.2	.711	.711	0.3	0.5	.625	0.3	0.8	1.1	0.4	0.1	0.5	0.2	0.7	1.9
454	Tyler Ulis	PG	23	CHI	1	0	1.0	0.0	0.0		0.0	0.0		0.0	0.0			0.0	0.0		0.0	0.0	0.0	0.0	0.0	0.0	0.0	0.0	0.0
455	Jonas Valanciunas	C	26	TOR	30	10	18.8	5.0	8.6	.575	0.3	1.0	.300	4.7	7.6	.611	.593	2.6	3.1	.819	1.8	5.4	7.2	1.0	0.4	0.8	1.3	2.7	12.8
456	Jarred Vanderbilt	PF	19	DEN	1	0	4.0	0.0	0.0		0.0	0.0		0.0	0.0			1.0	2.0	.500	0.0	3.0	3.0	1.0	1.0	0.0	1.0	0.0	1.0
457	Fred VanVleet	PG	24	TOR	47	20	26.8	3.7	9.1	.402	1.7	4.5	.368	2.0	4.6	.435	.493	1.5	1.8	.831	0.4	2.3	2.7	4.5	0.9	0.3	1.3	1.8	10.4
458	Noah Vonleh	PF	23	NYK	51	44	26.6	3.0	6.7	.456	0.8	2.2	.360	2.3	4.5	.502	.515	1.8	2.5	.714	1.9	6.7	8.6	2.1	0.8	0.9	1.4	2.7	8.6
459	Nikola Vucevic	C	28	ORL	52	52	31.3	8.7	16.8	.521	1.1	3.0	.378	7.6	13.8	.552	.555	2.1	2.7	.775	2.7	9.3	12.0	3.8	1.0	1.2	2.1	2.0	20.7
460	Dwyane Wade	SG	37	MIA	41	0	25.4	5.1	12.1	.425	1.2	3.7	.329	3.9	8.4	.468	.476	2.3	3.2	.707	0.9	2.8	3.7	4.3	0.7	0.5	2.3	1.7	13.8
Rk	Player	Pos	Age	Tm	G	GS	MP	FG	FGA	FG%	3P	3PA	3P%	2P	2PA	2P%	eFG%	FT	FTA	FT%	ORB	DRB	TRB	AST	STL	BLK	TOV	PF	PS/G
461	Moritz Wagner	C	21	LAL	19	0	6.6	1.2	2.9	.411	0.5	1.4	.370	0.7	1.5	.448	.500	0.5	0.8	.600	0.4	1.2	1.6	0.4	0.2	0.2	0.5	0.8	3.4
462	Dion Waiters	SG	27	MIA	13	0	19.5	3.2	8.5	.378	1.3	4.8	.270	1.9	3.7	.521	.455	0.1	0.5	.143	0.1	2.2	2.2	2.5	0.5	0.1	0.9	0.8	7.8
463	Kemba Walker	PG	28	CHO	52	52	34.3	8.5	19.7	.432	3.2	8.8	.359	5.3	10.9	.492	.513	4.4	5.3	.823	0.5	3.7	4.3	5.6	1.2	0.5	2.6	1.6	24.6
464	Lonnie Walker	SG	20	SAS	4	0	7.3	1.0	2.8	.364	0.5	1.0	.500	0.5	1.8	.286	.455	0.0	0.0		0.0	1.8	1.8	0.3	0.3	0.3	0.3	0.8	2.5
465	John Wall	PG	28	WAS	32	32	34.5	7.7	17.3	.444	1.6	5.3	.302	6.1	12.0	.507	.490	3.8	5.5	.697	0.5	3.2	3.6	8.7	1.5	0.9	3.8	2.2	20.7
466	Tyrone Wallace	PG	24	LAC	40	0	10.0	1.6	3.7	.432	0.1	0.3	.154	1.5	3.3	.459	.438	0.5	1.0	.487	0.4	1.2	1.6	0.5	0.4	0.2	0.4	1.4	3.7
467	Taurean Waller-Prince	SF	24	ATL	31	23	27.4	4.7	10.9	.432	2.0	5.6	.360	2.7	5.3	.509	.525	1.8	2.2	.826	0.5	3.4	3.8	1.9	1.1	0.4	2.0	2.8	13.3
468	Brad Wanamaker	PG	29	BOS	23	0	9.0	1.2	2.8	.438	0.7	1.2	.536	0.6	1.6	.361	.555	0.6	0.6	.929	0.1	0.9	1.0	1.4	0.4	0.0	0.6	0.7	3.7
469	T.J. Warren	SF	25	PHO	43	36	31.6	6.9	14.2	.486	1.8	4.2	.428	5.1	10.0	.510	.549	2.3	2.9	.815	0.7	3.3	4.0	1.5	1.2	0.7	1.2	2.8	18.0
470	Julian Washburn	SF	27	MEM	3	0	7.0	0.0	1.0	.000	0.0	0.3	.000	0.0	0.7	.000	.000	0.0	0.0		0.3	1.3	1.7	0.0	0.0	0.0	0.0	0.7	0.0
471	Yuta Watanabe	SG	24	MEM	8	0	6.5	0.6	1.9	.333	0.1	0.6	.200	0.5	1.3	.400	.367	0.4	0.8	.500	0.0	1.3	1.3	0.4	0.1	0.1	0.4	0.3	1.8
472	Thomas Welsh	C	22	DEN	9	0	3.7	0.6	1.1	.500	0.3	0.8	.429	0.2	0.3	.667	.650	0.1	0.2	.500	0.0	0.4	0.4	0.4	0.0	0.0	0.1	0.2	1.6
473	Russell Westbrook	PG	30	OKC	43	43	35.4	8.2	19.6	.418	1.1	4.6	.249	7.1	15.0	.470	.447	3.9	6.1	.645	1.4	9.5	10.9	10.9	2.3	0.3	4.5	3.4	21.5
474	Derrick White	PG	24	SAS	45	33	25.3	3.7	7.4	.500	0.7	1.9	.356	3.0	5.5	.551	.546	1.5	1.9	.770	0.5	2.9	3.4	3.6	1.0	0.5	1.5	2.1	9.6
475	Okaro White	PF	26	WAS	3	0	2.0	0.0	0.7	.000	0.0	0.7	.000	0.0	0.0		.000	0.0	0.0		0.3	0.3	0.7	0.0	0.0	0.0	0.0	0.0	0.0
476	Hassan Whiteside	C	29	MIA	45	45	25.5	5.5	10.0	.546	0.0	0.3	.133	5.4	9.7	.561	.549	1.6	4.0	.416	3.8	8.6	12.4	0.9	0.6	2.2	1.7	2.8	12.7
477	Andrew Wiggins	SF	23	MIN	48	48	34.7	6.5	16.4	.396	1.6	4.8	.336	4.9	11.6	.421	.445	3.2	4.5	.720	1.1	3.5	4.6	2.3	1.1	0.5	1.9	2.0	17.8
478	Alan Williams	PF	26	BRK	2	0	5.0	1.5	2.5	.600	0.0	0.5	.000	1.5	2.0	.750	.600	1.0	2.0	.500	1.0	3.0	4.0	1.0	0.0	0.0	0.5	0.0	4.0
479	C.J. Williams	SG	28	MIN	8	0	8.1	0.9	2.0	.438	0.1	0.9	.143	0.8	1.1	.667	.469	0.0	0.0		0.1	0.4	0.5	0.6	0.1	0.0	0.5	1.4	1.9
480	Johnathan Williams	C	23	LAL	7	0	12.7	1.6	2.9	.550	0.0	0.0		1.6	2.9	.550	.550	0.1	0.7	.200	1.6	1.4	3.0	0.6	0.1	0.6	0.3	2.9	3.3
Rk	Player	Pos	Age	Tm	G	GS	MP	FG	FGA	FG%	3P	3PA	3P%	2P	2PA	2P%	eFG%	FT	FTA	FT%	ORB	DRB	TRB	AST	STL	BLK	TOV	PF	PS/G
481	Kenrich Williams	SF	24	NOP	17	0	11.1	1.5	3.0	.490	0.5	1.2	.400	1.0	1.8	.548	.569	0.1	0.2	.500	0.5	2.2	2.8	0.6	0.1	0.2	0.5	1.4	3.5
482	Lou Williams	SG	32	LAC	47	0	26.1	6.2	14.7	.420	1.3	3.8	.354	4.8	10.9	.443	.466	5.6	6.2	.897	0.4	2.6	3.0	5.3	0.7	0.1	2.4	1.0	19.2
483	Marvin Williams	PF	32	CHO	51	51	28.1	3.7	8.6	.425	2.0	5.2	.387	1.6	3.4	.483	.542	0.9	1.3	.719	0.9	4.6	5.5	1.2	0.9	0.7	0.5	2.1	10.3
484	Robert Williams	C	21	BOS	22	0	9.0	1.3	1.7	.757	0.0	0.0		1.3	1.7	.757	.757	0.3	0.5	.600	0.9	1.6	2.5	0.2	0.3	1.5	0.4	1.2	2.8
485	Troy Williams	SF	24	SAC	18	0	15.9	2.2	4.8	.460	0.8	2.3	.341	1.4	2.6	.565	.540	0.5	0.8	.600	0.5	2.6	3.1	0.6	0.6	0.4	0.4	1.9	5.7
486	D.J. Wilson	PF	22	MIL	23	0	18.1	2.4	4.9	.491	1.0	2.3	.453	1.3	2.6	.525	.598	0.4	0.9	.450	0.9	3.7	4.6	1.0	0.4	0.7	0.5	2.0	6.2
487	Justise Winslow	PF	22	MIA	46	33	29.4	4.7	11.0	.430	1.4	3.7	.386	3.3	7.3	.452	.495	1.5	2.2	.663	1.0	4.3	5.2	4.1	1.0	0.3	2.2	2.5	12.3
488	Christian Wood	PF	23	MIL	7	0	5.9	1.3	2.7	.474	0.3	0.6	.500	1.0	2.1	.467	.526	0.7	0.9	.833	0.6	1.7	2.3	0.3	0.0	0.0	0.3	0.3	3.6
489	Delon Wright	PG	26	TOR	47	2	18.3	2.6	5.9	.438	0.6	1.9	.345	1.9	4.0	.481	.493	0.9	1.1	.860	0.8	1.7	2.5	2.2	0.9	0.3	0.8	1.1	6.7
490	Guerschon Yabusele	PF	23	BOS	29	0	5.7	0.7	1.6	.447	0.1	0.6	.235	0.6	1.0	.567	.489	0.3	0.4	.750	0.5	0.6	1.1	0.4	0.2	0.2	0.4	0.9	1.9
491	Nick Young	SG	33	DEN	4	0	9.3	0.8	2.3	.333	0.8	2.0	.375	0.0	0.3	.000	.500	0.0	0.0		0.0	0.3	0.3	0.5	0.0	0.3	0.5	1.0	2.3
492	Thaddeus Young	PF	30	IND	52	52	30.1	5.6	10.4	.534	0.5	1.5	.338	5.1	8.9	.567	.558	1.1	1.8	.609	2.4	3.9	6.3	2.0	1.5	0.5	1.3	2.4	12.7
493	Trae Young	PG	20	ATL	52	52	30.1	5.9	14.3	.411	1.7	5.5	.306	4.2	8.7	.478	.470	3.5	4.4	.802	0.7	2.5	3.2	7.4	0.9	0.2	4.0	1.7	16.9
494	Cody Zeller	C	26	CHO	35	35	24.5	3.7	6.6	.558	0.1	0.5	.313	3.5	6.1	.577	.569	1.8	2.2	.842	2.1	4.2	6.2	2.1	0.7	0.8	1.3	3.2	9.3
495	Ante Zizic	C	22	CLE	37	10	15.8	2.7	5.1	.526	0.0	0.0		2.7	5.1	.526	.526	1.4	2.0	.726	1.6	3.4	5.0	0.6	0.2	0.4	0.9	1.7	6.8
496	Ivica Zubac	C	21	LAL	32	11	15.5	3.4	5.9	.574	0.0	0.0		3.4	5.9	.574	.574	1.8	2.1	.864	1.7	3.3	4.9	0.8	0.1	0.8	1.0	2.2	8.5
